cnpj_basico,identificador_matriz_filial,nome_fantasia,tipo_logradouro,logradouro,numero,bairro,cep,uf,municipio,cnae_fiscal_principal,cnae_fiscal_secundaria
37233270,2,,RUA,FIDENCIO RAMOS,213,VILA OLIMPIA,04551010,SP,7107,8211300,
37934161,2,,RUA,SALVIANO JOSE DA SILVA,85,ELDORADO,12238573,SP,7099,4930202,4930201
40915877,2,,SITIO,KALISA,S/N,ZONA RURAL,14580000,SP,6455,0134200,"0111302,0115600,0121101,0133499,0111399"
37683239,2,,FAZENDA,SANTO ANDRE,S/N,ZONA RURAL,19500000,SP,6685,0116401,
37683239,2,,FAZENDA,VOLTA GRANDE,S/N,DA REPRESA,19500000,SP,6685,0116401,
37683239,2,,FAZENDA,BOA VISTA,S/N,ZONA RURAL,19500000,SP,6685,0116401,
40299810,2,,AVENIDA,OSWALDO CRUZ,1641,PARQUE ESTUARIO (VICENTE DE CARVALHO),11460100,SP,6475,4729602,"4721102,4729699,5611203"
40497101,1,DONATEKA EMPREENDIMENTOS,RUA,JOSE RODRIGUES DA CUNHA,0,RESSACA,12945003,SP,6181,4110700,4120400
37680625,2,SANAZAR 103,RUA,SANAZAR MARDIROS,103,PRESIDENTE ALTINO,06213070,SP,6789,4110700,
39252428,1,,ESTRADA,MUNICIPAL FAZENDA TAMBURI,SN1,FAZENDA TAMBURI,13053550,SP,6291,0133499,
36736711,1,SAUDE DA GENTE,AVENIDA,PAULISTA,453,BELA VISTA,01311907,SP,7107,7319002,"6311900,7020400"
37680844,1,,RUA,CERRO CORA,2175,VILA ROMANA,05061450,SP,7107,6462000,"4669999,7112000"
37963678,1,,AVENIDA,DAS NACOES UNIDAS,14401,VILA GERTRUDES,04794000,SP,7107,6462000,
37909874,1,RESIDENCIAL VELOSTER II,RUA,LUZIA RUTH DA SILVA,159,JARDIM OBELISCO,08565310,SP,6897,6822600,"4110700,4120400"
38214450,1,,RUA,DOUTOR ERALDO AURELIO FRANZESE,62,JARDIM PAIQUERE,13271608,SP,7225,6462000,
38152215,1,ALLUPE,RUA,BARTOLOMEU DE GUSMAO,290,VILA MARIANA,04111020,SP,7107,6319400,"3329599,4221904,4221905,6022502,6110803,6110899,6120501,6130200,6141800,6143400,6190602,6190699,6202300,6203100,6209100,6311900,7490104,7740300,8599604,9512600"
36714700,1,,SITIO,NINHO DAS AGUIAS,SN,FEIJAO CRU,13770000,SP,6275,0134200,"0121101,0151201,0151202,0155505,0111302,0155504,0155503"
39309030,2,,SITIO,ESPERANCA,1,AGUA DO PINHEIRO,19819899,SP,6179,0115600,"0111302,0111303,0111399"
39301727,1,ARIAN ALIMENTOS,RUA,SYLVIO DE CAMPOS FILHO,20,PARQUE INDUSTRIAL JOAO BATISTA CARUSO,13848674,SP,6715,1091102,
39044235,2,,AVENIDA,PROF ABRAAO DE MORAIS,2015,SAUDE,04123011,SP,7107,4511101,"4511102,4520001,4520002,7490104,7711000"
37177179,1,,SITIO,BOM JESUS,S/N,RURAL,17580000,SP,6901,0151201,
36936977,2,,ESTANCIA,AROEIRA,SN,I PROGRESSO,17630000,SP,0790,0119906,0116401
37949311,1,,RUA,GUILHERME DE ALMEIDA,2-55,VILA CIDADE UNIVERSITARIA,17012500,SP,6219,6911701,
39598716,2,,1A AVENIDA,"AVENIDA SELMA PARADA, 201",201,JARDIM MADALENA,13091904,SP,6291,6920602,7020400
41093653,1,,RUA,WERNER VON SIEMENS,111,LAPA DE BAIXO,05069900,SP,7107,3511501,"4669999,7119799"
39654015,2,,AREA,CHACARA PRIMAVERA,SN,AREA RURAL DE CERQUEIRA CESAR,18769899,SP,6329,0151202,"0151201,0111302,0115600,0119908,0119999,0152103"
37599646,1,,AVENIDA,TOYOTA,9005,ITAVUVU,18079755,SP,7145,7711000,"7490104,8299799"
38135076,2,SP10 ESTANDE,AVENIDA,SAPOPEMBA,8151,JARDIM ADUTORA,03988010,SP,7107,8219999,
37580589,1,,AVENIDA,NICOLAS BOER,399,PARQUE INDUSTRIAL TOMAS EDSON,01140060,SP,7107,4110700,"6810201,6810203"
37420829,2,,FAZENDA,SAO PEDRO,S/N,CHAPEUZINHO,18290000,SP,6261,0115600,"0111302,0111303,0111399"
41002332,2,ITAPEMIRIM TRANSPORTE URBANO,RUA,ITORORO,221,VILA CARDOSO,12216783,SP,7099,4921301,
40299810,2,,RUA,PLINIO DA SILVA REIS,110,VILA OLIVEIRA,14680000,SP,6603,4729602,"4721102,4729699,5611203"
39685211,2,PATENSE BIOMASSA SERVICOS ADMINISTRATIVO,SITIO,SITIO SAO JOSE-ESTRADA MUNICIPAL ADAMANTINA A MARIAPOLIS- KM,S/N,ZONA RURAL,17800000,SP,6101,0210107,1610203
41132641,1,,RUA,JOAQUIM FLORIANO,1120,ITAIM BIBI,04534004,SP,7107,7020400,7490104
38150446,1,,AVENIDA,NICOLAS BOER,399,PARQUE INDUSTRIAL TOMAS EDSON,01140060,SP,7107,4110700,"6810201,6810203"
39986975,1,,AVENIDA,NICOLAS BOER,399,PARQUE INDUSTRIAL TOMAS EDSON,01140060,SP,7107,4110700,"6810201,6810203"
37789763,1,,AVENIDA,REPUBLICA DO LIBANO,1921,IBIRAPUERA,04501002,SP,7107,4110700,"6463800,6810201,6810202"
37642851,1,,RUA,PALESTRA ITALIA,73,PERDIZES,05005030,SP,7107,6462000,
38177575,1,GRUPO INTERAGIR AVALIACAO E INTERVENCAO INFANTIL,RUA,RIO GRANDE DO SUL,136,BRASIL,13301480,SP,6579,8650003,"8650002,8650004,8650005,8650006"
40000553,1,,AVENIDA,NICOLAS BOER,399,PARQUE INDUSTRIAL TOMAS EDSON,01140060,SP,7107,4110700,"6810201,6810203"
39373334,1,MALIBU STORE,RUA,ANTONIO AGU,102,CENTRO,06013006,SP,6789,8599604,"3319800,4752100,9511800,9512600,9521500,9529199"
40015271,2,,SITIO,SAO SEBASTIAO,S/N,MORRO AZUL,18467899,SP,6565,0111302,"0111399,0121101,0151202,0119999"
41252769,1,,RUA,PROF JOSE LEITE E OITICICA,530,VILA GERTRUDES,04705080,SP,7107,6202300,"6203100,6204000,6462000,7020400"
40058130,2,EDIFICIO ARENA TOWER,RUA,BARAO DE TEFE,72,AGUA BRANCA,05003040,SP,7107,4110700,
40875826,2,,FAZENDA,SANTA RITA,SN,CACHOEIRA,14990000,SP,6531,0139306,
37362427,1,,AVENIDA,PADRE MANUEL DA NOBREGA,385,JARDIM,09080140,SP,7057,6810201,4110700
37412934,1,ALL,PASSEIO,DAS CARAVELAS,671,RIVIERA,11262033,SP,2965,4110700,"4120400,6810201,6810203,7112000"
38490665,2,,FAZENDA,ATALAIA,SN,ZONA RURAL,19430000,SP,6675,0115600,0111302
40378402,2,,RUA,COMENDADOR TORLOGO DAUNTRE,74,CAMBUI,13025270,SP,6291,4110700,"4120400,6810201,6810202"
40270544,2,BRZ EMPREENDIMENTOS PORTAL VILA DOS FLAMINGOS SPE LTDA.,RUA,BENEDITO FAUSTINO DA ROSA,1871,JARDIM WANDERLEY,18277430,SP,7181,4110700,
39777597,1,,RUA,DR GUILHERME BANNITZ,126,ITAIM BIBI,04532060,SP,7107,6204000,
37357158,1,JUS CONCILIA - NUCLEO DE SOLUCAO DE CONFLITOS,RUA,DOS LIBANEZES,1925,VILA NOSSA SENHORA DO CARMO,14801425,SP,6163,6911702,8599604
37069482,2,HERING,RUA,JASMIM,215,CHACARA PRIMAVERA,13087460,SP,6291,4781400,
36893412,2,,RUA,GUAIANASES,689,CAMPOS ELISEOS,01204003,SP,7107,8720499,"9430800,9493600,9499500"
39999934,1,,AVENIDA,NICOLAS BOER,399,PARQUE INDUSTRIAL TOMAS EDSON,01140060,SP,7107,4110700,"6810201,6810203"
40118596,1,,RUA,DOUTOR JULIO CARDOSO,2266,CENTRO,14400730,SP,6425,6462000,6810202
38256860,2,,FAZENDA,SANTA PAULA,SN,ZONA RURAL,19230000,SP,6407,0115600,0111302
38256415,2,,FAZENDA,SANTA PAULO,SN,ZONA RURAL,19230000,SP,6407,0115600,0111302
38391432,2,,RUA,CONDE DOMINGOS PAPAIZ,413,JARDIM NATAL,08613901,SP,7151,7210000,"1099607,1099699,2063100,2110600,2121101,2121103,6202300,6463800,7020400,7120100,7319002,7319003,8299799"
38421377,2,,FAZENDA,BEIRA RIO,SN,ZONA RURAL,19275000,SP,7255,0115600,0111302
40623939,2,,SITIO,BOM JESUS,SN,ZONA RURAL,15690000,SP,6515,0113000,
39413451,2,,ESTANCIA,POR DO SOL,S/N,CORREGO DO MARIMBONDO,15718000,SP,2987,0141501,
37258244,2,SODERO RESIDENCIAL,AVENIDA,CARLOS MARTINS SODERO,104,VILA INDEPENDENCIA,13418385,SP,6875,4110700,
37365024,1,FULL WASH,AVENIDA,BRIG FARIA LIMA,2369,JARDIM PAULISTANO,01452922,SP,7107,8129000,4612500
40852213,2,,RUA,JOAO PEDRO MIZIARA,SN,TERRA PRETA (TERRA PRETA),07661505,SP,6671,4711302,"4721102,4722901,4759899,4761003,5611201,5611203,5620102"
40606504,1,AMIGOS DO BEACH TENNIS,RUA,RICARDO SEVERO,39,JARDIM VIRGINIA,11442510,SP,6475,9319101,"8591100,8592999,8599699,9493600,9499500"
41245544,2,CONSOMINIO RESIDENCIAL ANDALUZ,RUA,PASCHOAL GOBBO,90,SAO MANOEL,13472110,SP,6131,4110700,
40919237,1,,RUA,SALESOPOLIS,194,JARDIM ALTO DA BARRA,13090840,SP,6291,8610102,"8599699,8630501"
38480878,2,,RUA,OSCAR FREIRE,562,CERQUEIRA CESAR,01426000,SP,7107,5611203,"4723700,4729699,4781400"
38480878,2,,AVENIDA,DAS NACOES UNIDAS,13947,VILA GERTRUDES,04794905,SP,7107,5611203,"4723700,4729699,4781400"
37795338,2,,FAZENDA,FAZENDA LUA AZUL,1,FAZENDA LUA AZUL,17580000,SP,6901,0116401,
36654323,1,IURA HOLDING,RUA,STA CRUZ,2105,VILA MARIANA,04121002,SP,7107,6462000,"6810201,6810202,6810203,7490104"
39439412,1,,AVENIDA,PRES JUSCELINO KUBITSCHEK,1726,VILA NOVA CONCEICAO,04543000,SP,7107,7319001,"5912099,6110803,6190601,6190602,7311400,7312200,7410202,9319101,9329899"
40203822,2,,ESTRADA,PARANAPOLIS,S/N,SEDE,16914899,SP,6141,0151202,"0121101,0151201"
40420308,1,KIKKIN KASH,AVENIDA,BRIG FARIA LIMA,2092,JARDIM PAULISTANO,01451905,SP,7107,6619302,"8211300,8219999"
40931002,1,ATOL INCORPORADORA LTDA,AVENIDA,CASSIANO RICARDO,401,PARQUE RESIDENCIAL AQUARIUS,12246870,SP,7099,4110700,
38403744,1,,AVENIDA,DOS EUCALIPTOS,389,INDIANOPOLIS,04517050,SP,7107,4511102,"4530703,7490104"
37877013,1,BEIJA FLOR,RUA,SATURNINO IGNACIO DA SILVA,240,BARREIRO,07611445,SP,6671,8660700,"8610101,8610102,8630502,8630503,8630599,8640202,8640205,8640207,8640299,8690999,8711502,8720401,8720499,8730199"
40441903,1,,RUA,LEOPOLDO COUTO MAGALHAES JR.,110,ITAIM BIBI,04542000,SP,7107,7020400,"6462000,7490104"
39908202,1,RESDIL,RUA,SAO JOSE,141,CENTRO,13920029,SP,6843,6462000,"4110700,6630400,6810201,6810202,6810203,8211300"
39712993,1,,RUA,PASTOR JORGE,925,VILA LIBERDADE,19050270,SP,6929,6462000,
40299810,2,,RUA,BARUEL,00261,VILA COSTA,08675000,SP,7151,4729602,"4721102,4729699,5611203"
40915012,1,,AVENIDA,PEREIRA BARRETO,1395,PARAISO,09190610,SP,7057,4110700,"6810201,6810202,6810203"
37130817,1,,RUA,BERGAMOTA,470,ALTO DA LAPA,05468915,SP,7107,6462000,
38461854,1,,AVENIDA,BRIG FARIA LIMA,3477,ITAIM BIBI,04538133,SP,7107,6461100,
40011095,1,CAIXA CONSORCIO,AVENIDA,DAS NACOES UNIDAS,12995,BROOKLIN PAULISTA,04578911,SP,7107,6493000,6499999
37455034,1,IDEAL PAY,AVENIDA,ENG LUIZ CARLOS BERRINI,1307,CIDADE MONCOES,04571010,SP,7107,6619399,"6201501,6203100,6209100,6463800,7490104"
39277255,1,,FAZENDA,TERRA BOA,S/N,ZONA RURAL,14730000,SP,6731,0131800,"0113000,0151202,0151201,0111302"
38258185,1,SANKOFA HOLDING E INVESTIMENTOS,ALAMEDA,PALMEIRA REAL,534,PARQUE RESIDENCIAL PALM PARK,13825000,SP,2953,6810201,6810202
40274167,1,,RUA,FERREIRA DE ARAUJO,186,PINHEIROS,05428000,SP,7107,7111100,
39271691,1,MALAISA PATRIMONIAL,RUA,SAO PAULINO,248,VILA MARIANA,04019040,SP,7107,6462000,"6810201,6810202,6810203"
37988345,1,,RUA,JARDIM DAS MARGARIDAS,343,VILA BUENOS AIRES,03737000,SP,7107,9491000,
36992625,1,,RUA,DOS PINHEIROS,498,PINHEIROS,05422902,SP,7107,6911701,
39507100,1,GUESS MOTORS VEICULOS,RUA,DOUTOR ORLANDO FEIRABEND FILHO,230,PARQUE RESIDENCIAL AQUARIUS,12246190,SP,7099,4511102,"4511101,4541203,4541204,7490104"
37112989,1,,AVENIDA,PEDROSO DE MORAIS,1873,PINHEIROS,05419001,SP,7107,4110700,
37828226,1,MERCEARIA TORRES DISK AGUA E GAS,RUA,ORLANDO GROSSI,812,RESIDENCIAL DI NAPOLI,15897318,SP,6327,4723700,"4712100,4721103,4722901,4724500,4729602,4755502,4784900,4930201,5320202,5611201,7729202,8211300,8299799"
38013334,1,,AVENIDA,PREF FABIO PRADO,211,JARDIM VILA MARIANA,04116000,SP,7107,6821801,"6821802,6822600"
40984199,1,,RUA,FIDENCIO RAMOS,100,VILA OLIMPIA,04551010,SP,7107,6612605,
37981299,1,,ALAMEDA,VICENTE PINZON,54,VILA OLIMPIA,04547130,SP,7107,7319003,"6319400,7319002,8599604,8599699"
39754688,1,,CHACARA,ALMEIDA,0,BAIRRO DA TAIPINHA,18419899,SP,6549,0119999,"0121101,0133499"
37099032,1,,AVENIDA,PRES JUSCELINO KUBITSCHEK,1458,VILA NOVA CONCEICAO,04543000,SP,7107,8211300,"6462000,6810201,6810202,7312200,7319003,7490104,8219999,8599604"
40187986,1,,ALAMEDA,HENRIQUE FERREIRA,21,JARDIM SAO MARCOS I,14887074,SP,6587,6810202,"6462000,6463800,6810201"
37675914,1,,RUA,URUSSUI,300,VILA NOVA CONCEICAO,04542903,SP,7107,6391700,"4761001,5811500,5813100,5821200,5823900,5911199,5912099,5913800,6022501,6022502,6319400,7312200,7319002,7490104,7740300,8230001,8550302,8599604,8599699"
38246627,1,,AVENIDA,1,2031,JARDIM MIRASSOL,13503141,SP,6979,7112000,"4399101,4222701"
36881478,1,,RUA,AMADOR BUENO,474,SANTO AMARO,04752901,SP,7107,6470101,
40299810,2,,AVENIDA,QUITO STAMATO,641,CENTRO,14700500,SP,6221,4729602,"4721102,4729699,5611203"
37975719,1,FY SERVICOS MEDICOS,RUA,PAIS LEME,215,PINHEIROS,05424150,SP,7107,8630502,"8630501,8630503"
38265318,1,,AVENIDA,DAS NACOES UNIDAS,14401,VILA GERTRUDES,04794000,SP,7107,4110700,"6810201,6810202,6821801"
39600649,1,,RUA,SANTOS DUMONT,90,CENTRO,11660290,SP,6311,9499500,"7500100,8230001"
40181366,1,WOPE INFODREAM,ALAMEDA,RIO NEGRO,500,ALPHAVILLE CENTRO INDUSTRIAL E EMPRESARIAL/ALPHAV,06454000,SP,6213,8599604,"4713002,4761001,5811500,6202300,6203100,6209100,6319400,6463800,7020400,7319002,7319003,7319004,8219999"
40243477,1,VELOTAX,RUA,JACERU,151,VILA GERTRUDES,04705903,SP,7107,6319400,"6201501,6201502,6202300,6203100,6204000,6209100,6311900,6619302,7020400,8291100"
39281106,1,,AVENIDA,PAULISTA,1793,BELA VISTA,01311200,SP,7107,6470101,
39763866,1,,AVENIDA,DOM PEDRO I,709,VILA MONUMENTO,01552001,SP,7107,6462000,6463800
39378985,1,,AVENIDA,PAULISTA,1471,BELA VISTA,01311927,SP,7107,6810201,6462000
37860746,1,ATUAL,AVENIDA,DO TABOAO,3581,TABOAO,09655000,SP,7075,8112500,
37038294,1,ABTCVE,RUA,PDE CHICO,461,PERDIZES,05008010,SP,7107,9499500,
40438864,1,,PRACA,ALFREDO EGYDIO DE SOUZA ARANHA,100,PARQUE JABAQUARA,04344902,SP,7107,6470101,
37683388,1,,ALAMEDA,RIO CLARO,28,BELA VISTA,01332010,SP,7107,7490199,
39800830,1,,RODOVIA,"RAPOSO TAVARES KM 22,14",SN,LAGEADINHO,06709015,SP,6361,4120400,"4110700,4330499,6810201,6810202,6810203,6822600"
40917680,1,,RUA,TIRADENTES,1200,CENTRO,13400765,SP,6875,6821802,"6810201,6810202,6822600"
39800639,1,POSTO MALIBU DE LENCOIS,RODOVIA,MARECHAL RONDON,308,DISTRITO EMPRESARIAL LUIZ TRECENTI,18685850,SP,6637,4731800,"4530703,4729602,4732600"
40801703,1,,RUA,IPIRANGA,1366,CENTRO,13419190,SP,6875,6911701,
39809237,1,,RUA,MACKENZIE,31,JARDIM CRUZEIRO,04803130,SP,7107,6911701,
37785072,1,,RUA,PARIQUERA-ACU,187,MUNHOZ JUNIOR,06240090,SP,6789,4213800,"4120400,4322301,4399101,7112000,7320300,7711000,7739099,8121400,8129000,8130300,8299701"
39248277,1,EUANTECIPO,RUA,CINCINATO BRAGA,340,BELA VISTA,01333010,SP,7107,6491300,
39871596,1,,AVENIDA,BRIG FARIA LIMA,3600,ITAIM BIBI,04538906,SP,7107,6462000,
40467415,1,,RUA,BIOBEDAS,339,PARQUE IMPERIAL,04302010,SP,7107,4110700,
37603179,1,MOTTU TECNOLOGIA,AVENIDA,VALDEMAR FERREIRA,174,BUTANTA,05501000,SP,7107,7490104,"5250803,5320202,6203100,6209100,6319400,6462000,7312200,7319002,8291100"
38359320,1,,RUA,CUMBE,337-A,VILA LAIS,03612010,SP,7107,4120400,"3321000,4211101,4212000,4213800,4221902,4221904,4222701,4223500,4291000,4292801,4292802,4299501,4311801,4313400,4321500,4330404,4649401,4649402,4679699,4930202,8130300"
40515012,1,C LIGHT,RUA,ONOFRE BENETTI,82,JARDIM HERCULANO,15035060,SP,7097,2740602,"2610800,2759799,4649406,4742300,4744099,4753900,4754703"
41001555,1,,AVENIDA,BRIG FARIA LIMA,1234,JARDIM PAULISTANO,01451913,SP,7107,8211300,"7020400,7490104,8291100"
37257316,1,,RUA,AMADOR BUENO,474,SANTO AMARO,04752901,SP,7107,6470102,
38265167,1,,AVENIDA,DAS NACOES UNIDAS,14401,VILA GERTRUDES,04794000,SP,7107,4110700,"6810201,6810202,6821801"
37312887,1,,ALAMEDA,GREGORIO BOGOSSIAN SOBRINHO,60,TAMBORE,06543385,SP,7047,4110700,"6463800,6810201,6810202"
38406148,1,CF BANK,AVENIDA,PAULISTA,2073,BELA VISTA,01311940,SP,7107,6613400,"6201501,6202300,6203100,6209100,6311900,6399200,6463800,6491300,6619302,6619399,7020400,7490104,7733100,8220200,8291100,8599603,8599604"
39646548,1,,RUA,TABAPUA,81,ITAIM BIBI,04533901,SP,7107,4110700,
37754457,1,OSTEN INVEST,ALAMEDA,RIO NEGRO,503,ALPHAVILLE CENTRO INDUSTRIAL E EMPRESARIAL/ALPHAV,06454000,SP,6213,7490104,"6202300,6319400,6630400,8211300,8299705"
37405469,1,,RODOVIA,MARECHAL RONDON,S/N,ITAIM,13312000,SP,6579,8211300,"5250804,6463800,6810201,6810202,7020400,7711000,7719501,7719502,7719599"
40775957,1,,SITIO,SAO JOSE,S/N,ZONA RURAL,15785000,SP,7023,0322101,
37356388,1,,RUA,DOUTOR ALBANO DE ALMEIDA LIMA,1.147,JARDIM CHAPADAO,13070183,SP,6291,4110700,
40589956,1,,RUA,CAMPOS BICUDO,98,JARDIM EUROPA,04536010,SP,7107,6619399,"6204000,6209100,6311900,6613400,6619305,7490104,7740300"
38376479,1,STUDIO LARA FRAIDER,RUA,CEL TRISTAO,55,FREGUESIA DO O,02925030,SP,7107,9602502,"4723700,4729699,4781400,8599604,9329899,9602501"
37242067,1,,RUA,CALDAS NOVAS,50,BETHAVILLE I,06404301,SP,6213,2511000,"2512800,2539001,2599301,2599302,3311200,3321000,4120400,4213800,4222702,4292801,4292802,4299599,4311801,4311802,4313400,4319300,4321500,4322301,4329199,4330401,4330402,4330403,4330404,4330405,4330499,4391600,4399101,4399102,4399103,4399199,4741500,4742300,4743100,4744001,4744003,4744004,4744005,4744099,4930201,4930202,4930204,6810201,6821801,6821802,6822600,7111100,7112000,7119703,7119799,7732201,7732202,8219999"
38252491,1,,AVENIDA,PRESIDENTE JUSCELINO KUBITSCHEK,2041,VILA NOVA CONCEICAO,04543011,SP,7107,4110700,"6810201,6810202"
40440750,1,,RUA,QUINTANA,887,CIDADE MONCOES,04569011,SP,7107,9319101,7319003
37362528,1,WOLKE,ALAMEDA,RIO NEGRO,503,ALPHAVILLE CENTRO INDUSTRIAL E EMPRESARIAL/ALPHAV,06454000,SP,6213,6201501,"6201502,6202300,6203100,6204000,6209100,6311900"
40066790,1,,RUA,PIONEIRA CONCHETA MAGNANI,100,PARQUE INDUSTRIAL,17606385,SP,7201,1323500,
38091939,1,,AVENIDA,BRIGADEIRO FARIA LIMA,1336,JARDIM PAULISTANO,01451001,SP,7107,4110700,6810202
38150639,1,A-TEST CERTIFICACOES INSPECOES,AVENIDA,BRIG LUIS ANTONIO,3097,JARDIM PAULISTA,01401000,SP,7107,7112000,"7120100,8599699"
40513064,1,,RUA,RIBEIRO DO VALE,152,BROOKLIN PAULISTA,04568000,SP,7107,6493000,
37731660,1,,AVENIDA,ANTONIO GAZZOLA,1001,JARDIM CORAZZA,13301245,SP,6579,8211300,
36643460,1,,RUA,ALVES GUIMARAES,1212,PINHEIROS,05410002,SP,7107,6470101,
40958793,1,,AVENIDA,JOSE DE CASTRO DUARTE - DR,150,RECANTO REAL - COND.,15092240,SP,7097,8291100,"6619399,6630400,7020400,7490104"
37374821,1,,AVENIDA,MAGALHAES DE CASTRO,4800,CIDADE JARDIM,05676120,SP,7107,4646002,"2063100,4646001,4772500,7020400,7319002,7319004,7319099,7320300,7490104,7490199,8211300,8230001,8599604,8599699,9602502"
37925501,1,,AVENIDA,IPANEMA,165,DEZOITO DO FORTE EMPRESARIAL/ALPHAVILLE.,06472002,SP,6213,6612605,"6619302,6622300,8599604"
37954143,1,ALUSEVEN SERVICOS DE INSTALACAO DE ESQUADRIAS LTDA,RUA,ESTRELA DALVA,418,JARDIM ALAGOAS,06528330,SP,7047,4330402,"2512800,4120400,4399101,4511101,4511102,4541203,4541204,4744001,7112000,7119703,7732201"
36939790,1,,RUA,TEIXEIRA MARQUES,1170,VILA TEIXEIRA MARQUES,13485135,SP,6639,7739099,"3312102,3314705"
36891031,1,Z1 MOTOS,AVENIDA,DOUTOR FRANCISCO JUNQUEIRA,3200,RIBEIRANIA,14096000,SP,6969,4541203,"4511102,4541204,4541206,4543900,4781400,7490104"
38350275,1,,RUA,GOMES DE CARVALHO,1306,VILA OLIMPIA,04547005,SP,7107,4647802,"4761001,4761002,5811500,5813100"
40102443,1,,AVENIDA,DOM PEDRO II,1423,CENTRO,14801040,SP,6163,6911701,
41157300,1,ISA HOME LAB,RUA,CACONDE,192,JARDIM PAULISTA,01425010,SP,7107,8640202,"6202300,6319400,8630506"
39603167,1,WESTART COMERCIO DE IMPORTACAO E EXPORTACAO LTDA,RUA,LEOPOLDINA DE LIMA FRANCO,101,LAVORARE ARUJA,07400005,SP,6177,4649499,"4618499,4623102,4635499,4641901,4641902,4641903,4642701,4643502,4646001,4646002,4647801,4649401,4649402,4649403,4649405,4649406,4649410,4651601,4652400,4672900,4673700,4679603,4686902,4689399,4691500,4723700,4729699,4742300,4743100,4744001,4751201,4753900,4754703,4755501,4755502,4755503,4757100,4759801,4759899,4761003,4763601,4763603,4772500,4781400,4782202,4789001,4789099,7490104,8211300"
39315535,1,CASA CHAMA,RUA,DO CARMO,54,SE,01019020,SP,7107,9493600,"5911102,6435202,7220700,7320300,8599604,8599699,8720401,8800600,9430800,9499500"
36981630,1,FG INVESTIMENTOS E PARTICIPACOES,RUA,CACAQUERA,39,VILA ANTONINA,03412030,SP,7107,7490104,"0111302,0111399,0115600,0119905,0151201,0151202,0161003,0161099,0163600,1041400,1064300,1065102,1065103,1072402,4621400,4632003,6810202,7490199,8211300"
36994076,1,CLINICA MEDICA TREVISAN,RUA,SETE DE SETEMBRO,3300,VILA FARIA,13569000,SP,7079,8630503,"8610102,8630502,8630599"
36768305,1,,SITIO,CANTO DAS AVES DO PARAISO - ESTRADA MUNICIPAL UBIRAJARA,S/N,AREIA BRANCA,17449899,SP,7211,0139399,"0210199,0220999"
40335989,1,,RUA,DOUTOR ERALDO AURELIO FRANZESE,62,JARDIM PAIQUERE,13271608,SP,7225,4623106,"0141502,4661300,4683400,4930202,5212500"
36687647,1,,RUA,LIBERO BADARO,293,CENTRO,01009907,SP,7107,6462000,7319002
39348449,1,,RODOVIA,JOAO CARLOS ESTUQUI KM 11,0,ZONA RURAL,15630000,SP,6839,0151201,
37640966,1,EVOINC CONSULTORES,RUA,PASCHOAL BARDARO,1075,JARDIM BOTANICO,14021655,SP,6969,7020400,
40721586,1,ASSOCIACAO GWYRAI KAAGWY,GLEBA,70 - 3º PERIMETRO DE ITAPETININGA,SN,TURVINHO,18230000,SP,7105,9430800,
40017194,1,,AVENIDA,PAULISTA,1636,BELA VISTA,01310200,SP,7107,6911701,
39522122,1,,RUA,HUNGRIA,1400,JARDIM EUROPA,01455000,SP,7107,4110700,
40499850,1,,AVENIDA,ITABERABA,1597,NOSSA SENHORA DO O,02734000,SP,7107,6911701,
40036495,1,T&T NEGOCIOS BRASIL,RUA,DR ANTONIO BENTO,560,SANTO AMARO,04750001,SP,7107,6462000,"4619200,7020400,7112000,7119701,7319003,7490104"
40288544,1,LIGUE LEAD,RUA,DOUTOR RICARDO BENETTON MARTINS,1000,POLO II DE ALTA TECNOLOGIA (CAMPINAS),13086902,SP,6291,8220200,"4761001,5811500,6190602,6190699,6202300,6203100,6209100,6319400,6463800,7020400,7319002,7319003,7319004,7319099,8219999,8599604"
37976507,1,,RUA,MARIO DE SOUZA,430,NOVA RIBEIRANIA,14096660,SP,6969,6911701,
37112898,1,,RUA,DOS PINHEIROS,870,PINHEIROS,05422001,SP,7107,6470101,
39418895,1,SPE SKY BOCAIUVA,RUA,MAJ QUEDINHO,99,CENTRO,01050030,SP,7107,6810203,"4110700,6810201"
38277200,1,,RUA,LINO DE PAULA,91,JARDIM MINNESOTA (NOVA VENEZA),13179070,SP,7149,8112500,
38163681,1,,PRACA,ALFREDO EGYDIO DE SOUZA ARANHA,100,PARQUE JABAQUARA,04344902,SP,7107,6470101,
37401988,1,,AVENIDA,ENG LUIZ CARLOS BERRINI,1748,CIDADE MONCOES,04571000,SP,7107,4763601,"4212000,4213800,4221902,4222701,4321500,4322301,4329104,4530701,4530703,4663000,4679699,4742300,4754703,7732201"
40191829,1,,RUA,S SEBASTIAO,820,SANTO AMARO,04708001,SP,7107,4763602,"4511102,4530703,4649499,4763604,8211300,8219999"
38120140,1,,AVENIDA,CARAMURU,1085,JARDIM SUMARE,14025080,SP,6969,6810201,6810202
40806544,1,,AVENIDA,MARQ DE SAO VICENTE,230,VARZEA DA BARRA FUNDA,01139000,SP,7107,6911701,
36660127,1,BOM DIA SUPERMERCADO,AVENIDA,HEITOR DA CUNHA BRAGA,1001,JARDIM ROSICLER,08940000,SP,6231,4712100,"4721102,4722901,4723700,4724500,4752100,4753900,4781400,5611203"
37311075,1,,RUA,BANDEIRA PAULISTA,726,ITAIM BIBI,04532002,SP,7107,7020400,8211300
37382319,1,TRIS BUSINESS TECH,RUA,PROF ATILIO INNOCENTI,165,VILA NOVA CONCEICAO,04538000,SP,7107,7490104,"6201501,6202300,6203100,6204000,6209100,6462000"
38293921,1,,AVENIDA,PAULISTA,1793,BELA VISTA,01311200,SP,7107,6470103,
37776660,1,,RODOVIA,"NELSON F. PINTO, KM 3  - SITIO ANDORINHAS",S/N,TURVO,12140000,SP,7101,0151201,"0151202,0159899,0119999"
40793095,1,,RUA,CATANDUVA,235,JARDIM PEDROSO,09370350,SP,6689,8112500,
38046653,1,,RUA,TTE. DEMETRIO MACHADO,112,CENTRO,18170000,SP,6857,9430800,"8230001,9001901,9001902"
37041310,1,,RUA,DOS PINHEIROS,603,PINHEIROS,05422011,SP,7107,7020400,"6462000,6822600"
37821199,1,DELLA GUARDIA & GONCALVES EMPREENDIMENTOS LTDA,RUA,DAS ORQUIDEAS,737,JARDIM POMPEIA,13345040,SP,6511,6810201,"4110700,6462000,6810202,6810203"
37306942,1,,AVENIDA,PAULISTA,1636,BELA VISTA,01310200,SP,7107,7020400,"6462000,6463800,6822600"
37022101,2,,AREA,SITIO SAO JOAO DO JACARE,S/N,CORREGUINHO,14949899,SP,6493,0113000,
41109045,1,,ALAMEDA,GERBERA,64,CENTERVILLE,06525335,SP,7047,2399199,"2099199,4689301,6462000"
40082701,1,,AVENIDA,SEN QUEIROS,295,CENTRO,01026001,SP,7107,4759899,"4530703,4647801,4753900,4757100,4761003,4763601,4789001,4789099"
36997321,1,,AVENIDA,PAULISTA,2150,BELA VISTA,01310300,SP,7107,6470101,
41165395,1,,AVENIDA,ANDROMEDA,885,GREEN VALLEY ALPHAVILLE,06473000,SP,6213,4110700,6810201
39938889,1,DOUTOR SORRISO MAIS - GUARATINGUETA,PRACA,CONSELHEIRO RODRIGUES ALVES,170,CENTRO,12500020,SP,6469,8630504,3250706
41085357,1,ALPHA CAPITAL,ALAMEDA,RIO NEGRO,1030,ALPHAVILLE CENTRO INDUSTRIAL E EMPRESARIAL/ALPHAV,06454000,SP,6213,8291100,"6209100,6311900,6463800,6491300,6492100,6619302,6619305,6619399,7020400,7490104,8211300,8219999,8599604"
39346123,1,,AVENIDA,PAULISTA,1793,BELA VISTA,01311200,SP,7107,6470101,
41096982,1,,AVENIDA,BRIG FARIA LIMA,1355,JARDIM PAULISTANO,01452919,SP,7107,6470101,
40409202,1,,AVENIDA,PRESIDENTE JUSCELINO,2231,PARQUE TROPICAL,13060524,SP,6291,6462000,6810201
38391432,1,OPELLA HEALTHCARE,RUA,CONDE DOMINGOS PAPAIZ,175,JARDIM NATAL,08613901,SP,7151,2121101,"1099607,1099699,2014200,2063100,2121103,3530100,4637199,4644301,4645101,4646001,6202300,6463800,7020400,7120100,7319002,7319003,8299799"
37511023,1,,NUCLEO,CIDADE DE DEUS,S/N,VILA YARA,06029900,SP,6789,6470101,
38306388,1,,NUCLEO,CIDADE DE DEUS,S/N,VILA YARA,06029900,SP,6789,6470101,
39816790,1,,NUCLEO,CIDADE DE DEUS,S/N,VILA YARA,06029900,SP,6789,6470101,
37923719,1,SHM BRASIL SCP,AVENIDA,CASSIANO RICARDO - ATE 898/899,601,PARQUE RESIDENCIAL AQUARIUS,12246870,SP,7099,8630503,
37454061,1,,RUA,GILBERTO SABINO,215,PINHEIROS,05425020,SP,7107,4110700,"6810201,6810202"
40374643,1,,AVENIDA,ALFREDO IGNACIO NOGUEIRA PENIDO,255,PARQUE RESIDENCIAL AQUARIUS,12246000,SP,7099,6911701,
40503175,1,,RUA,TEODORO SAMPAIO,1230,PINHEIROS,05406100,SP,7107,4110700,6463800
37252511,1,,FAZENDA,LAGEADO,SN,LAGEADO,18480000,SP,6557,0115600,"0111302,0111399,0111303"
39477743,1,,ALAMEDA,ITAPECURU,645,ALPHAVILLE CENTRO INDUSTRIAL E EMPRESARIAL/ALPHAV,06454080,SP,6213,7319004,"6462000,7320300,7490104"
40200163,1,IGREJA VIDEIRA SAO BERNARDO DO CAMPO,AVENIDA,CAMINHO DO MAR,3531,RUDGE RAMOS,09611000,SP,7075,9491000,
36992425,1,INFINITY GRAFICA,RUA,ORFANATO,1215,VILA PRUDENTE,03131010,SP,7107,5811500,"1811301,1811302,1813099,4751201,4761001,4930202,7490104,8211300,8219901"
40087899,1,ALLBLANKS SURF TECHNOLOGY,RUA,JOSE FERREIRA CANAES FILHO,737,ENSEADA,11441300,SP,6475,4763602,
38062489,1,,RUA,CORONEL AURELIANO DE CAMARGO,445-A,CENTRO,18270170,SP,7181,6810201,6810202
39753390,1,,ESTRADA MUNICIPAL,"COSMORAMA A SEBASTIANOPOLIS DO SUL, KM 16",S/N,ZONA RURAL,15530000,SP,6359,0139306,
39267552,1,,RUA,PROFESSOR ANTONIO PALOCCI,611,JARDIM OURO BRANCO,14079800,SP,6969,4930202,"4930201,4930203,4930204,5211799,5250803,5250804,5250805"
39764365,1,,RUA,JOAQUIM FLORIANO,940,ITAIM BIBI,04534004,SP,7107,6630400,
39312139,1,RESIDENCIAL FLORIDA,AVENIDA,GETULIO VARGAS,70,BAETA NEVES,09751250,SP,7075,4110700,
37592072,1,DEAAZ COMERCIO DE HORTIFRUTIGRANJEIROS LTDA,RUA,GUARA,1821,VILA ELISA,14075510,SP,6969,4633801,"1032599,4623108,4639701,4724500,4930202"
40824386,1,CONDOMINIO RESIDENCIAL ARTHUR,RUA,LUIZ VILARTA,70,ESPLANADA INDEPENDENCIA,12040703,SP,7183,8112500,
37577523,1,,AVENIDA,PAULISTA,2100,BELA VISTA,01310930,SP,7107,6470102,
39980161,1,,AVENIDA,MARECHAL RONDON,1000,CENTRO,06093010,SP,6789,6204000,"6201501,6202300,6203100,7020400,7490104,7733100,8291100,8299799"
36989742,1,,AVENIDA,WLADIMIR MEIRELLES FERREIRA,1465,JARDIM BOTANICO,14021630,SP,6969,4110700,
37018851,1,IRLANA TORRES ADVOCACIA,AVENIDA,ITABERABA,1000,NOSSA SENHORA DO O,02734000,SP,7107,6911701,
39782915,1,,ALAMEDA,RIO NEGRO,967,ALPHAVILLE CENTRO INDUSTRIAL E EMPRESARIAL/ALPHAV,06454000,SP,6213,6911701,
39660016,1,ABYO TM DO BRASIL REPRESENTACOES LTDA,AVENIDA,PRES WILSON,2220,PARQUE DA MOOCA,03107002,SP,7107,7490104,"3314710,4744001,4744099,7020400"
37297726,1,OLIVEIRA FOUNDATION,RUA,MIGUEL BASILE,30,VILA PROGRESSO,13202241,SP,6619,9430800,"4761001,7220700,7320300,8230001,8532500,8550302,8591100,8599604,8800600,9319101,9319199,9493600,9499500"
40814620,1,,ALAMEDA,RIO NEGRO,503,ALPHAVILLE CENTRO INDUSTRIAL E EMPRESARIAL/ALPHAV,06454000,SP,6213,6462000,"6810201,6810202"
36717065,1,ARTINET TELECOM,AVENIDA,ARUJA,108,COLINA MARIA LUIZA (JORDANESIA),07787530,SP,6285,6141800,"4221904,4221905,4321500,4751201,4759899,6110801,6110803,6190601,6209100,6319400"
36850191,1,VINX VENDAS,AVENIDA,FRANCISCO MATARAZZO,1752,AGUA BRANCA,05001200,SP,7107,6821801,6822600
40735864,1,,AVENIDA,BRIG FARIA LIMA,1931,JARDIM PAULISTANO,01452910,SP,7107,6463800,6810202
39973025,1,,AVENIDA,PAULISTA,2100,BELA VISTA,01310930,SP,7107,6810201,
40760921,1,,AVENIDA,NOVE DE JULHO,5966,JARDIM PAULISTA,01406902,SP,7107,6492100,
37997670,1,,RUA,ANTONIO DE SALEMA,1086,JARDIM ARCO-IRIS,13323441,SP,7005,6021700,"6010100,6130200,6463800,8220200"
39428022,1,,RUA,PROF ARTUR RAMOS,183,JARDIM PAULISTANO,01454905,SP,7107,7210000,3299099
38710170,1,,RUA,DOUTOR SOLON FERNANDES,471,VILA ROSALIA,07072080,SP,6477,6462000,
37861000,1,,RUA,JULIETA MAUAD GONCALVES,585,PARQUE RESIDENCIAL DAMHA VI,15063133,SP,7097,8219999,"8211300,8299799"
40901205,1,,NÚCLEO,CIDADE DE DEUS,S/N,VILA YARA,06029900,SP,6789,6470101,
39428124,1,,RUA,LUIZ OMETTO,95,DISTRITO INDUSTRIAL,13456114,SP,7017,2651500,"2731700,3314722,3314799,3321000,4321500,4663000,4742300,5211799,7020400,7112000,7320300,7739099"
40632587,1,,AVENIDA,DAS NACOES UNIDAS,14401,VILA GERTRUDES,04794000,SP,7107,6462000,
38185003,1,LAVI ENGENHARIA,RUA,SANTA TEREZINHA,1310,CENTRO,16901017,SP,6141,4399101,"6463800,7112000,7119702,7732201"
37955006,1,GG ACADEMY,RUA,CALDAS NOVAS,50,BETHAVILLE I,06404301,SP,6213,8599604,"4761001,5811500,6202300,6203100,6209100,6319400,6463800,7020400,7319002,7319003,7319004,8219999"
37338276,1,FABULOUS RACING,RUA,DOUTOR MARIO PINTO SERVA,231,CENTRO,06090090,SP,6789,4530703,"3319800,4520007,4530705,2950600,4520005,4520001"
40785203,1,,SITIO,SAO JORGE 100,000,AREA RURAL DE ITAJU,17269899,SP,6541,0115600,"0111302,0116401,0116499,0151201"
38284666,1,,RUA,GILBERTO SABINO,215,PINHEIROS,05425020,SP,7107,6462000,
37169724,1,,SITIO,SAO JOAO GLEBA 02,S/N,ANASTACIO,14960000,SP,6771,0151201,"0151202,0113000,0139306"
38728990,1,,RUA,GILBERTO SABINO,215,PINHEIROS,05425020,SP,7107,6470101,
37785389,1,,SITIO,WESTFELD,0,ZONA RURAL,14260000,SP,6319,0151201,0151202
41053016,1,CONDOMINIO RESIDENCIAL SELECTION ANALIA,RUA,HERMANN TELES RIBEIRO,283,VILA INVERNADA,03348010,SP,7107,8112500,
37320467,1,,RUA,EPITACIO PESSOA,106,JARDIM NOVA BELEM,07909090,SP,6427,9491000,
39987493,1,,AVENIDA,PAULISTA,2100,BELA VISTA,01310930,SP,7107,6810201,
40208355,1,,RUA,ANTONIO JOAO DA SILVA,653,NUCLEO HABITACIONAL NOVA ITATINGA,18691064,SP,6571,6462000,"6810201,6810202"
39504693,1,,RUA,FLORIANO PEIXOTO,18-08,JARDIM ESTORIL,17014280,SP,6219,8630502,"8610102,8630501,8630503"
37970725,1,EDUCD+,RUA,IGUAPE,479,JARDIM PAULISTA,14090092,SP,6969,4618403,"4642702,4647802,4651601,4761003,4763601,7739099,8230001,8599604"
38132913,1,,PRACA,ALFREDO EGYDIO DE SOUZA ARANHA,100,PARQUE JABAQUARA,04344902,SP,7107,6470101,
39616091,1,,RUA,ALVES GUIMARAES,1212,PINHEIROS,05410002,SP,7107,6470101,
39772999,1,,RODOVIA,ANHANGUERA,SN,ZONA DE PRODUCAO INDUSTRIAL UM (ZPI-01),13388220,SP,6769,4789099,8299799
37834063,1,,RUA,AUGUSTA,101,CONSOLACAO,01305000,SP,7107,4541202,"4530701,8211300"
38883732,2,CDCM CENTRO DE DEFESA E CONVIVENCIA DA MULHER SONIA M.,AVENIDA,DR GENTIL DE MOURA,598,IPIRANGA,04278000,SP,7107,9430800,9499500
38422829,1,,ALAMEDA,VICENTE PINZON,54,VILA OLIMPIA,04547130,SP,7107,7020400,
40147581,1,,AVENIDA,ONZE DE JUNHO,625,VILA CLEMENTINO,04041052,SP,7107,8599604,"4761001,5811500,9313100"
39466434,1,,FAZENDA,SANTA CRUZ DO PAIOLINHO,S/N,ZONA RURAL,15409899,SP,6779,6462000,6810202
36691703,1,,ESTRADA,MUNICIPAL,1,ORTIZES,18170000,SP,6857,0121101,0119905
37258721,1,,SITIO, SAO JORGE,SN,PAES,18310000,SP,6453,0121101,"0151201,0151202"
37599745,1,,ESTRADA,"MUNICIPAL DE CLEMENTINA A GABRIEL MONTEIRO, 07 KM",SN,CORREGO C,16250000,SP,6339,0119999,0112199
37921647,1,,CHACARA,SAO JOSE,S/N,BARRO PRETO,15835000,SP,6863,0133404,0133499
38325084,1,,SITIO,SAO JOSE,S/N,EST. MUN. JUNQUEIRA/MACAUBAL,15150000,SP,6729,0139306,
38756266,1,,ESTRADA,MUNICIPAL JOSE BONIFACIO A BARRA GRANDE,S/N,BARRA GRANDE,15200000,SP,6615,0151201,0151202
39478182,1,,RUA,BENEDITO DE MORAES GOES,11,CENTRO (CANGUERA),18145020,SP,7113,0132600,
39657933,1,,RODOVIA,SAULO JUNQUEIRA FRANCO KM 05 SENT.CARDOSO/RIOLANDIA A 06 KM,S/N,ZONA RURAL,15570000,SP,6315,0139306,
39873712,1,,SITIO,JATOBA,46,AGROCENTRO,17139899,SP,6113,0151202,"0151201,0121101"
40152400,1,,RODOVIA,MARECHAL RONDON,KM 565,SAO ROQUE,16700000,SP,6465,0139306,
40675170,1,,SITIO,SOUZA,S/N,VALE FORMOSO,14960000,SP,6771,0133404,
40902921,1,,CHACARA,BELA VISTA,SN,TUCURUVI,17830000,SP,6421,0151201,0151202
39826859,1,ENGEMAIS,RUA,PAIS LEME,215,PINHEIROS,05424150,SP,7107,4120400,"2539001,2599399,3011302,3012100,3315500,3321000,3811400,3812200,4110700,4211101,4212000,4222701,4222702,4291000,4299599,4313400,4319300,4321500,4322302,4391600,4399101,4763604,5011401,5021101,5021102,5022001,5022002,5030101,5030102,5091201,5091202,6463800,6810201,6810202,6810203,6821801,6821802,6822600,7111100,7112000,7719501,7732201,7739099,8121400"
40476059,1,,PRACA,ALFREDO EGYDIO DE SOUZA ARANHA,100,PARQUE JABAQUARA,04344902,SP,7107,6470101,
41265131,1,COMUNIDADE CENACULO VIVO,AVENIDA,MATHIAS LOPES,1049,MASCATE,12960000,SP,6749,9491000,"4729699,4761001,4762800,4781400,4789001,4789099,5611203,5811500,5920100,8230001,8592999,8599699,8690999,8720401,8800600,9001902,9001999,9430800,9493600,9499500"
37965925,1,,AVENIDA,GESSY LEVER,915,LENHEIRO,13272000,SP,7225,4617600,"7319002,8219999"
37596660,1,,AVENIDA,SAMPAIO VIDAL,185,BARBOSA,17501441,SP,6681,6911701,
39899092,1,SEMEANDO FLORES,RUA,ASSEMBLEIAS DE DEUS,1500,VILA COLORADO,08616740,SP,7151,9430800,"9493600,9499500"
37919523,1,,SITIO,SAO BENTO,SN,ZONA RURAL,13720000,SP,7095,0121101,0119904
38286879,1,,RUA,BELGICA,472,JARDIM EUROPA,01448030,SP,7107,6810202,6822600
39828438,1,,PRACA,DR JOAO MENDES,42,CENTRO,01501907,SP,7107,6911701,
40262139,1,,RODOVIA,PAULO ROLIN LOUREIRO,SN,BIRITIBA USSU,08767300,SP,6713,0119906,"0121101,0111302,0119905,0119999"
37021397,1,HASHGREEN WORLD,ALAMEDA,RIO NEGRO,503,ALPHAVILLE CENTRO INDUSTRIAL E EMPRESARIAL/ALPHAV,06454000,SP,6213,6202300,"3321000,3511501,4649401,4689399,4759899,4789099,6201501,6204000,6209100,6399200,6462000,6463800,6612604,6619302,6619399,7020400,7210000,7490104,7739099,7740300,8599604"
37073352,1,,AVENIDA,PAULISTA,2100,BELA VISTA,01310930,SP,7107,6470101,
38042674,1,,RUA,TABAPUA,41,ITAIM BIBI,04533900,SP,7107,6492100,
37395399,2,SICOOB UNICENTRO BRASILEIRA,AVENIDA,PREFEITO PAULO ARAUJO NOVAES,648,CENTRO,18705000,SP,6189,6424703,
40015559,1,,RUA,MARIA CURUPAITI,441,VILA ESTER (ZONA NORTE),02452001,SP,7107,6462000,"7020400,7490104,7740300,8211300"
40497678,1,,PASSAGEM,FAZENDA SAO THOME,S/N,ACOITA CAVALOS,15300000,SP,6439,0139306,
37772287,2,,RODOVIA,"SP 255, SENTIDO BROTAS - JAU - KM 140",S/N,AREA RURAL DE BROTAS,17388899,SP,6259,0133402,"0115600,0111302,0111303,0119905,0116499"
38050501,1,,PRACA,ALFREDO EGYDIO DE SOUZA ARANHA,100,PARQUE JABAQUARA,04344902,SP,7107,6470101,
39258446,1,,AVENIDA,PAULISTA,2100,BELA VISTA,01310930,SP,7107,6470102,
40513430,1,,AVENIDA,CORIFEU DE AZEVEDO MARQUES,1401,BUTANTA,05581001,SP,7107,7111100,"4399101,7410202,8211300"
41211721,1,,AVENIDA,PRESIDENTE JUSCELINO KUBITSCHEK DE OLIVEIRA,2000,JARDIM TARRAF II,15092415,SP,7097,4110700,6810201
37041341,1,,RUA,SANTO AMARO,27,BELA VISTA,01315001,SP,7107,8630503,
40775427,1,,RUA,COMENDADOR TORLOGO DAUNTRE,74,CAMBUI,13025270,SP,6291,4110700,"4120400,6810201"
37175228,1,PREVIDENCIARE TECNOLOGIA E SOLUCOES EM PAGAMENTOS,ALAMEDA,RIO NEGRO,1030,ALPHAVILLE CENTRO INDUSTRIAL E EMPRESARIAL/ALPHAV,06454000,SP,6213,6209100,"6201501,6201502,6202300,6203100,6204000,6311900,6319400,6619302,6619399,7319002,7490104,7733100,8291100,8299799,8599603"
39264210,1,GREEN SEEDRS,AVENIDA,MAGALHAES DE CASTRO,4800,CIDADE JARDIM,05676120,SP,7107,3511502,"3511501,4221902,4221903,4221904,4321500,4399101,7112000"
40829408,1,,RUA,CARD ARCOVERDE,2450,PINHEIROS,05408003,SP,7107,6470101,
40666633,1,LIRIOS,RUA,DOS LIRIOS (VL S JOSE),28,PIRAPORINHA,09950500,SP,6377,8112500,
39938453,1,RESIDENCIAL PEROLA AZUL,RUA,NICARAGUA,306,GUILHERMINA,11702240,SP,6921,8112500,
39989430,1,ASSOCIACAO ESPORTIVA JAUENSE DE FUTSAL - AEJFUTSAL,RUA,DECIO SERRA,131,LOTEAMENTO RESIDENCIAL MARIA ISABEL,17215106,SP,6607,9319199,9319101
40169464,1,IGREJA EVANGELICA RIOS,RUA,BACURI,296,VILA PARAISO,07241540,SP,6477,9491000,
39155282,1,BASE SNEAKERS,RUA,JOAO ALFREDO,322,CIDADE INDUSTRIAL SATELITE DE SAO PAULO,07224120,SP,6477,4781400,
39595024,1,,SITIO,ALVORADA,SN,ZONA RURAL,15650000,SP,6405,0121101,"0151201,0151202"
37041030,1,,RUA,PADRE ANTONIO PIRES DE PRADO,43,CENTRO,12260000,SP,6813,6912500,
40975631,1,,AVENIDA,DOUTOR JOSE BONIFACIO COUTINHO NOGUEIRA,150,JARDIM MADALENA,13091611,SP,6291,4110700,"6810201,6810202"
39913316,1,,AVENIDA,ALFREDO EGIDIO DE SOUZA ARANHA,374,VILA CRUZEIRO,04726170,SP,7107,8211300,7312200
40823740,2,,ALAMEDA,RIO NEGRO,500,ALPHAVILLE CENTRO INDUSTRIAL E EMPRESARIAL/ALPHAV,06454000,SP,6213,7490104,5320201
38905313,2,,ESTRADA MUNICIPAL,DE PONTALINDA A DIRCE REIS KM 04,S/N,CORREGO DO MARIMBONDO,15718000,SP,2987,0139306,
41161643,2,,SITIO,SANTA LUZIA,160,MONTALVAO,19015970,SP,6929,0151201,"0111302,0119999,0121101"
40073030,2,,SITIO,SAO JOAO,S/N,ZONA RURAL,16450000,SP,6441,0116401,"0111302,0113000,0115600,0119999,0133409,0119903"
40299810,2,,RUA,RODRIGUES ALVES,240,CENTRO,16400090,SP,6643,4729602,"4721102,4729699,5611203"
37804765,2,CONDOMINIO RESIDENCIAL MERITO VILA MARIA,RUA,CURUCA,SN,VILA MARIA,02120001,SP,7107,4110700,
38430360,2,,SITIO,BOM JESUS,SN,ZONA RURAL,13375000,SP,6719,0113000,
39615736,2,,AREA,SITIO SANTA OLIMPIA - I,SN,AREA RURAL DE PIRACICABA,13433899,SP,6875,0113000,
40717487,2,,RUA,BRASILIA,80,ITAIM BIBI,04534040,SP,7107,4110700,
40012751,2,,SITIO,PREGUINHO,S/N,INDAIA DO AGUAPEI,17830000,SP,6421,0116401,
39403162,2,,RUA,JOAO CACHOEIRA,349,VILA NOVA CONCEICAO,04535010,SP,7107,4329104,"4120400,4211102,4299599,4311802,4313400,4319300,4321500,4322303,4329105,4391600,4399101,4399104,4614100,5250801,6461100,6463800,7020400,7111100"
38163236,2,,AVENIDA,ENG ARMANDO DE ARRUDA PEREIRA,774,JABAQUARA,04308000,SP,7107,5611203,"4723700,4729699,5611201"
39702755,2,,ESTANCIA,ISADORA,S/N,ZONA RURAL,15650000,SP,6405,0139306,
40945606,2,,SITIO,AGUA BRANCA,SN,ZONA RURAL,13399899,SP,6981,0113000,"0151201,0115600,0111302"
37764003,2,RESIDENCIAL FORLIFE EUCALIPTOS,AVENIDA,SOUZA RAMOS,315,GUAIANAZES,08490490,SP,7107,4110700,
41186463,2,,RUA,DOS COQUEIROS,1795,CAMPESTRE,09080010,SP,7057,4530703,4530705
37771689,2,,AVENIDA,PIRELLI,1331,EDEN,18103085,SP,7145,0151201,
37177058,2,RESIDENCIAL ARTEMIS,RUA,CEZAR RICOMI,311,JARDIM LUTFALLA,13560510,SP,7079,4110700,
38490679,2,,FAZENDA,TRES LAGOAS GLEBA A,SN,CAPIM,18240000,SP,6143,0210199,
37193028,2,,FAZENDA,A FAZENDINHA VI,S/N,RURAL,17410000,SP,6127,0111302,"0116401,0151201"
38820313,2,RESIDENCIAL VILLAGE GIOVANA,AVENIDA,MILENA PERUTICH,222,MELVI,11712030,SP,6921,4110700,
37845214,2,,AVENIDA,PAULISTA,302,BELA VISTA,01310000,SP,7107,7733100,8111700
39347974,2,,SITIO,SANTO AMARO,SN,SANTA TEREZA,13644899,SP,6887,0113000,
37628679,2,,ESTRADA,BAIRRO PAULISTINHA,S/N,ZONA RURAL,17950000,SP,6763,0113000,"0111301,0111302,0111399,0115600,0134200,0151201,0151202,0152102,0154700,0210101,0210107"
37628679,2,,ESTRADA,NOVA GUATAPORANGA,S/N,ZONA RURAL,17950000,SP,6763,0113000,"0111301,0111302,0111399,0115600,0134200,0151201,0151202,0152102,0154700,0210101,0210107"
37628679,2,,ESTRADA,BAIRRO CORREGO DO PAU D ALHO,S/N,ZONA RURAL,17970000,SP,7087,0113000,"0111301,0111302,0111399,0115600,0134200,0151201,0151202,0152102,0154700,0210101,0210107"
37628679,2,,ESTRADA VICINAL,"TPA 030 , EST VICINAL N. GUATAP. A M. CASTELO KM 1 + 45MT",S/N,ZONA RURAL,17930000,SP,7203,0113000,"0111301,0111302,0111399,0115600,0134200,0151201,0151202,0152102,0154700,0210101,0210107"
40571449,2,EDIFICIO RESIDENCIAL MOVE,RUA,GENERAL JULIO MARCONDES SALGADO,819,VILA SILVINHA,18602260,SP,6249,4110700,
38733087,2,CASARIA CAFE,RUA,HADDOCK LOBO,1012,CERQUEIRA CESAR,01414000,SP,7107,5611201,"1091102,4721102,5611203,5611204,7319099,8599699"
36866801,2,,ESTANCIA,W A,SN,ZONA RURAL,15320000,SP,6419,0139306,
38144741,2,,RUA,ALFREDO PUJOL,204,SANTANA,02017000,SP,7107,4110700,
36651034,2,,SITIO,SAO JOAO,SN,CORREGO DO FEIJAO,15755000,SP,7207,0139306,
37929204,2,,SITIO,SITIO SANTA CLARA,S/N,RURAL,13670000,SP,7051,0151201,"0113000,0111302,0115600,0116401"
36761208,2,,FAZENDA,SANTO ANTONIO,S/N,ZONA RURAL,15190000,SP,6753,0113000,
39287950,2,,FAZENDA,ALVORADA,S/N,ZONA RURAL,19400000,SP,6931,0113000,
36740390,2,,AVENIDA,DAS NACOES UNIDAS,22540,VILA ALMEIDA,04795921,SP,7107,4511102,"4512902,4520001,4520005,4530703"
38007879,2,,ESTANCIA,ALVI VERDE,SN,ZONA RURAL,15260000,SP,6893,0139306,
40462135,2,,RUA,AGUAS DA PRATA,246,ROCHDALE,06223200,SP,6789,4110700,
40832444,2,VIX VAREJO,RUA,RAFAEL DIAS COSTA,140,DONA CATARINA,18132852,SP,7113,4781400,"4782201,4789001"
40295287,2,RESIDENCIAL ROMA,RUA,OSCAR DE ASSIS,56,JARDIM SANTA MADALENA,13172510,SP,7149,4110700,
40012755,2,,FAZENDA,TROFEU,S/N,RURAL,13537000,SP,6523,0113000,
38278706,2,,AREA,SIT BELA VISTA SETOR II,S/N,ZONA RURAL,13659899,SP,7027,0113000,
38278706,2,,FAZENDA,SAO JOSE,SN,ZONA RURAL,13669899,SP,6915,0113000,
37299452,2,,SITIO,SAO JOSE,S/N,RODOVIA SP 225 - KM 312,18919899,SP,7029,0115600,"0111302,0111303,0116499,0119905,0151201,0151202,0153902,0119999,0111399,0119906,0111301"
40876271,2,,AVENIDA,BRIG FARIA LIMA,3732,ITAIM BIBI,04538132,SP,7107,5611201,"4636202,4649499,4686902,4722902,4729699,4744002,4759899,4781400,4782202,4789001,5320202,5510801,5611204,5612100,5620102,5620104,7420001,7490104,7490105,7729202,8230001,9003500"
36704993,2,VIVA BENX CASA DO ATOR,RUA, CASA DO ATOR,1093,VILA OLIMPIA,04546003,SP,7107,4110700,
40301289,1,,SITIO,BOI DE ACO,SN,RIO DO PEIXE,12130000,SP,6627,0151201,0151202
41049580,2,,AREA,RURAL,S/N,AREA RURAL DE IBITINGA,14949899,SP,6493,0116401,
41049580,2,,AREA,RURAL,S/N,AREA RURAL DE PIRAJUI,16616899,SP,6879,0115600,
37450703,2,,SITIO,ALVORADA,0,BIRY,13537000,SP,6523,0113000,
40554548,2,,FAZENDA, SANTA IZABEL GLEBA C,S/N,JACUTINGA,16700000,SP,6465,0113000,
39988630,2,,SITIO,PRIMAVERA,S/N,ZONA RURAL,14200000,SP,7119,0113000,
37598151,2,,AREA,SITIO CHAPADAO,SN,AREA RURAL DE SERTAOZINHO,14178899,SP,7135,0113000,
37598151,2,,AREA,SITIO BOM JESUS,SN,AREA RURAL DE SERTAOZINHO,14178899,SP,7135,0113000,
37598151,2,,AREA,FAZENDA SANTO ANTONIO,SN,AREA RURAL DE SERTAOZINHO,14178899,SP,7135,0113000,
38090116,2,VILLA VIC INDAIATUBA CONDOMINIO FLORENCA,AVENIDA,SENADOR ROMEU TUMA,400,MATO DENTRO,13332656,SP,6511,4110700,
40440300,2,,SITIO,BABILONIA,SN,ZONA RURAL,14910000,SP,7155,0133404,"0119999,0133410,0113000"
41049580,2,,AREA,RURAL,S/N,AREA RURAL DE IBITINGA,14949899,SP,6493,0113000,
36993336,2,,ESTRADA,VICINAL,S/N,ZONA RURAL,14620000,SP,6787,0113000,0115600
39441036,2,,ESTRADA MUNICIPAL,LOURDES A BURITAMA,SN,CORREGO DA PEDRA,15285000,SP,2937,0115600,"0111302,0111399"
40441121,2,,ESTRADA,DO BAIRRO DO CORDEIRO - FAZENDA CACHOEIRA,S/N,CORDEIRO,12524899,SP,6469,0151201,"0151202,0153901,0152102,0155503,0155505,0121101,0133499,0159899,0155501"
41049580,2,,AREA,RURAL,S/N,AREA RURAL DE IBITINGA,14949899,SP,6493,0115600,0113000
40616430,2,,FAZENDA,SAO MIGUEL ARCANJO,SN,ZONA RURAL,15620000,SP,6665,0139306,
37635335,2,,ESTRADA,M STO ANTONIO A. GUZOLANDIA KM 30,S/N,ZONA RURAL,16130000,SP,2939,0139306,
37451714,2,,ESTRADA,DOBRADA A FAZENDA CHIMBO - SITIO SAO JORGE II,SN,ZONA RURAL,15980000,SP,6381,0113000,"0111302,0115600,0116401"
37998018,2,ESSENZA CHACARA DOS LAGOS,RUA,AUSTRALIA,S/N,CHACARA DOS LAGOS,06345300,SP,6313,4110700,
37134128,2,,RUA,ALZIRA DELEGA,416,GREEN VILLAGE,13385496,SP,6769,4110700,
38099472,2,,RUA,JOAO MOURA,1144,PINHEIROS,05412002,SP,7107,7311400,"6201502,6202300,6311900,7020400,7312200,7319004,7320300,7420001,7490104,8219999,8230001,9002701"
37987947,2,,GRANJA,MARIASS VII,SN,MONTE ALEGRE,17730000,SP,6821,0119906,
37009667,2,,ESTRADA,MUNICIPAL DE TURIUBA A MONCOES,S/N,ZONA RURAL,15280000,SP,7205,0151201,"0151202,0119901,0111302,0111399"
39467292,2,UNIDADE DO ARQUIVO PUBLICO DO ESTADO,RUA,VOLUNTARIOS DA PATRIA,596,SANTANA,02010000,SP,7107,8411600,
39984650,2,,CORREGO,DAS CABRAS,SN,ZONA RURAL,15355000,SP,6479,0151201,"0151202,0151203,0141501,0141502"
39237941,2,,RODOVIA,SP 425,S/N,ZONA RURAL,19560000,SP,6513,0139306,
38494847,2,,ESTANCIA,SAO JOSE,S/N,ZONA RURAL,19450000,SP,6283,0151202,"0151201,0111302,0113000,0119999,0121101"
39600322,2,,RUA,MAJOR MANOEL ANTONIO DE MATTOS,1850,JARDIM BRASIL,13560410,SP,7079,4110700,
40407724,2,,FAZENDA,SAO JOSE,S/N,ZONA RURAL,19430000,SP,6675,0116401,
38060605,2,,FAZENDA,CABECEIRA DO CORREGO DO CANAVIAL (ESTR. PORTO PULADOR),S/Nº,ZONA RURAL,14210000,SP,6653,0113000,
37571863,2,,RUA,APENINOS,1070,PARAISO,04104021,SP,7107,5510801,"6311900,6319400,6822600,7020400,8121400,8219999"
41129832,2,,FAZENDA,DA MATA,SN,ZONA RURAL,14420000,SP,6575,0111302,0115600
37932756,2,,RUA,ZONA RURAL,SN,CENTRO,14160970,SP,7135,7490104,"0113000,0151201,0151202,0152102,0152103,0153901,0153902,0154700,0210105,4692300,6462000"
38379642,2,,SITIO,SAO LOURENCO,S/N,DA FABRICA,12140000,SP,7101,0152102,0151201
37834471,2,SHOPP SAUDE,AVENIDA,ENG LUIZ CARLOS BERRINI,1140,CIDADE MONCOES,04571930,SP,7107,4773300,"4754701,4761001,4763602,4781400,7319002,8599604"
37563880,2,RESIDENCIAL SAN MARINO,RUA,MENDES LEAL,02,VILA PALMARES,09061640,SP,7057,4110700,
39269713,2,,RUA,PROF JOAO DE OLIVEIRA TORRES,476,JARDIM ANALIA FRANCO,03337010,SP,7107,4781400,"1412601,4616800,4642701,4782201,4782202,4783102,4789001,6463800,7740300,8299799"
36761208,2,,SITIO,SANTA ROSA,S/N,ZONA RURAL,15170000,SP,7169,0113000,0119999
37755324,2,,FAZENDA,PALMEIRAS,SN,DOIS CORREGOS,14968899,SP,6771,0139306,
37578587,2,,ESTRADA,ESTRADA MUNICIPAL PAREDAO VERMELHO KM 35 /SITIO FELIPADA,S/N,PAREDAO VERMELHO,13433899,SP,6875,0113000,"0151201,0151202"
39339370,2,,RUA,JOSE MANOEL DE OLIVEIRA,713,CENTRO (CAUCAIA DO ALTO),06727187,SP,6361,4110700,6810201
38117171,2,,FAZENDA,PANORAMA,S/N,ZONA RURAL,13840970,SP,6715,0131800,"0111302,0111303,0113000,0115600,0133408"
37181494,2,,FAZENDA,MINERVA,S/N,AGUA LIMPA,16309899,SP,6847,0151203,0151201
39818875,2,,RODOVIA,FELICIANO SALES CUNHA,KM 08,LIMOEIRO,15355000,SP,6479,0139306,
37331762,2,,SITIO,TERRA FERTIL,SN,GARCIA,18530000,SP,7191,0113000,"0115600,0111302"
36693855,2,,SITIO,SAO SEBASTIAO,SN,SAO JOAO,14968899,SP,6771,0133404,
37381902,2,RENAPSI,AVENIDA,DOM PEDRO II,1316,JARDIM,09080000,SP,7057,9430800,"9493600,9499500"
37039937,2,"MOEMA SIGNATURE BY YOU, INC",RUA,GAIVOTA,501,MOEMA,04522031,SP,7107,4110700,
40139466,2,,RUA,SAMUEL MORSE,120,CIDADE MONCOES,04576060,SP,7107,8020001,"6201501,6202300,6203100,7020400"
37871447,2,POPULAR PET,AVENIDA,JOSE IGNACIO BICUDO,230,JARDIM SAO LEOPOLDO,12228180,SP,7099,4789004,"4623101,4623109,4644302,4771704,7500100,9609208"
37064280,2,,RODOVIA,MARECHAL RONDON,221,GUANABARA,16026005,SP,6155,0151202,"0111302,0119999"
39375168,2,,RUA,COMENDADOR TORLOGO DAUNTRE,74,CAMBUI,13025270,SP,6291,4110700,"4120400,6810201,6810202"
37395399,2,,AVENIDA,BARAO DE ITAPURA,777,BOTAFOGO,13020431,SP,6291,6424703,
41097867,2,METROCASA DOM BOSCO,RUA,BAIXADA SANTISTA,586,ITAQUERA,08295360,SP,7107,4110700,
37594201,2,ESQUINA JARDYN,ALAMEDA,FRANCA,1166,JARDIM PAULISTA,01422001,SP,7107,4110700,
36936977,2,,SITIO,SAO CAETANO,SN,GOITCHORO,17680000,SP,6485,0113000,
38483286,2,,RUA,CAPITAO SIQUEIRA BARBOSA,156,VILA DOM PEDRO II,02241030,SP,7107,4110700,
38083699,2,,FAZENDA,MATO DENTRO - ESTR MUNCIPAL DA VARGEM GRANDE,S/N,MATO DENTRO,12589899,SP,6987,0151201,
37667467,2,COL 33 - SOUL DIADEMA (DIADEMA 005) - CONT. DE CUSTOS,RUA,ANNITA,225,CANHEMA,09941640,SP,6377,4110700,"4120400,6810201,6810203"
38203429,2,BLESS RSF IPIRANGA,RUA,DONA LEOPOLDINA,182,IPIRANGA,04278040,SP,7107,4110700,
39467292,2,INSTITUTO GEOGRAFICO E CARTOGRAFICO - IGC,AVENIDA,VITAL BRASIL,S/N,BUTANTA,05503001,SP,7107,8411600,
41211694,2,,SITIO,SAO FRANCISCO DE ASSIS I,SN,FAZENDA BARRA GRANDE,15145000,SP,6709,0151201,"0131800,0152103,0152102,0151203,0111302"
41266183,2,,ESTANCIA,HARAS HLR TRES IRMAOS,S/N,AFONSO XIII,17626899,SP,7201,0151201,"0152102,0111302,0116401,0119999"
39622406,2,,PRACA,GEORGES CROS,1,JARDIM REAL,07402855,SP,6177,4687702,"3831901,3831999,3832700,3839499,4687701,4687703,4930201,4930202,4930203,6399200"
38470411,2,,AVENIDA,JOAO XXIII,165,SOCORRO,08780830,SP,6713,4689301,4679604
40001092,2,ARA FARIA LIMA,RUA,BIANCHI BERTOLDI,118,PINHEIROS,05422070,SP,7107,4110700,
40204252,2,,SITIO,"NOSSA SENHORA APARECIDA, LOTE 141",S/N,ZONA RURAL,14850000,SP,6919,0119999,"0113000,0133402,0111302"
40681263,2,,SITIO,SANTO ANTONIO III,S/N,RURAL,15190000,SP,6753,0113000,
40681263,2,,SITIO,SANTO ANTONIO I,S/N,RURAL,15190000,SP,6753,0113000,
39678632,2,,RODOVIA,CARLOS TONANI KM 28 (FAZENDA SANTA RITA),S/N,ZONA RURAL,14897899,SP,6587,0113000,"0115600,0116401,0161003"
40768385,2,FAZENDA PONTE BELA,FAZENDA,ESTRADA PONTA NOVA KM 8,S/N,ZONA RURAL,19470000,SP,6927,0162899,"0111302,0111399,0113000,0115600,0119906,0151201,0161003,4623101,6810202"
40012751,2,,SITIO,BOA ESPERANCA I,S/N,BOA VISTA,17890000,SP,6621,0116401,"0115600,0119999,0113000"
37381902,2,RENAPSI,RUA,ALTAIR,643,VILA CELSO MOUAD,15810005,SP,6323,9430800,"9493600,9499500"
37381902,2,RENAPSI,RUA,AUGUSTO MARQUES,1747,CENTRO,14400480,SP,6425,9430800,"9493600,9499500"
39017306,2,,RUA,FRANCISCO FOGA,980,DISTRITO INDUSTRIAL BENEDITO STORANI,13288166,SP,7237,5620101,"5611201,5611203,5620102"
40708909,2,EDIFICIO AROBA 22 BRUNO RUGGIERO,AVENIDA,BRUNO RUGGIERO FILHO,310,PARQUE SANTA FELICIA JARDIM,13562420,SP,7079,4110700,
40720488,2,,ALAMEDA,JAU,1061,JARDIM PAULISTA,01420003,SP,7107,5620101,"5611201,5611203,5620102,5620103,7820500,8230001,8299799"
37377755,2,AGITT MIX,VIA,ANHANGUERA,S/N,JARDIM JARAGUA,05275000,SP,7107,4639701,"4643502,4647802,4649499,4723700,4757100,4759899,4761001,4763601,4781400,4783101"
41153189,2,,ESTRADA MUNICIPAL,AP 06,S/N,BARRA GRANDE,18320000,SP,6153,0220904,0210103
41080021,2,,CHACARA,DO LIMAO,SN,GEADA,13480970,SP,6639,0113000,
38205982,2,,SITIO,SAO LUIZ,S/N,CORREGO DOS PINTOS,16309899,SP,6847,0113000,
37650676,2,,FAZENDA,SAO MARCOS,S/N,RURAL,17370970,SP,7041,0134200,
37795338,2,,FAZENDA,FAZENDA SAO PEDRO,SN,SAO LUIZ,16450000,SP,6441,0116401,
37420264,2,,SITIO,SANTA RITA,SN,ESTR. C.MOTA A USINA N AMERICA,19886899,SP,6301,0115600,0111302
39907859,2,RED8 EXAMES E VACINACAO,AVENIDA,DR EDUARDO COTCHING,804,VILA FORMOSA,03356000,SP,7107,8640202,
41080411,2,MARSELHA IV,ESTRADA,DOS MENDES,351,TABOAO,18135140,SP,7113,4110700,
37448664,2,,FAZENDA,DA ROCHA,S/N,ZONA RURAL,13644899,SP,6887,7020400,
38302278,2,,SITIO,NOSSA SRA APARECIDA - SAPE OU PORTERINHA,SN,AREA RURAL DE CONCEICAO DE MONTE ALEGRE,19719899,SP,6811,0151201,0151202
37395399,2,,RUA,DOUTOR RICARDO VILELA,890,CENTRO,08780060,SP,6713,6424703,
37395399,2,,AVENIDA,BRIG FARIA LIMA,2018,JARDIM PAULISTANO,01451000,SP,7107,6424703,
37189129,2,KING HOUSE,AVENIDA,PAPA JOAO PAULO I,1656,VILA AEROPORTO,07170350,SP,6477,4754701,"4754702,4930201,4930202"
40003969,2,,RUA,HENRIQUE SCHAUMANN,135,PINHEIROS,05413020,SP,7107,4110700,6810201
38052157,2,,FAZENDA,AGUA LIMPA DOS FERREIRAS,S/N,RURAL,15200000,SP,6615,0139306,
40554548,2,,FAZENDA, IPAMERI,S/N,ESTRADA VICINAL OSVALDO CRUZ,17700000,SP,6793,0113000,
37614669,2,,FAZENDA,ALEGRIA,S/N,PAULOPOLIS,17589899,SP,6901,0116401,
37305913,2,,AVENIDA,GOVERNADOR PEDRO DE TOLEDO,883,BONFIM,13070751,SP,6291,4110700,
37544499,2,,GLEBA,B-2 - FAZENDA PAINEIRA,SN,EST. AVARE BARRA GRANDE - KM 8,18719899,SP,6161,0113000,"0111302,0111303,0111399,0115600,0119905"
39352483,2,,AREA,RURAL CRT213 A BAIRRO AGUA GRANDE 60SI CAPAO GRANDE,S/N,AREA RURAL DE GUAIANAS,17287899,SP,6835,0151201,0151202
37749350,2,PROJETO IMOBILIARIO DI 9,RUA,DAS IMBIRAS,718,VILA NOVA MAZZEI,02316000,SP,7107,4110700,
40103666,2,LNA CENTRO NEUROLOGICO TERAPEUTICO MULTIDICIPLINAR LTDA,RUA,MEDITERRANEO,890,JARDIM DO MAR,09750420,SP,7075,8650004,"8650003,8650005,8650006"
37594537,2,HADDOCK 885,RUA,HADDOCK LOBO,885,CERQUEIRA CESAR,01414001,SP,7107,4110700,
41056040,2,,ESTRADA,BAIRRO JACUTINGA,S/N,BAIRRO JACUTINGA,14910000,SP,7155,0115600,
39367113,2,,SITIO,SAO JOSE,S/N,SANTO ANTONIO,18480000,SP,6557,0115600,"0111302,0111399,0119905"
39933439,2,GP MOTOCICLE,RUA,PEDRO DE TOLEDO,235,CENTRO,16400105,SP,6643,4541203,"4541204,4541206,4543900,4732600,6499999,6619399,7490104"
36761213,2,,ESTRADA MUNICIPAL,GASTAO VIDIGAL A LOURDES,KM 02,BARRA G MATO GROSSO,15330000,SP,6437,0113000,
37119448,2,,RUA,PROJETADA,01,DISTRITO INDUSTRIAL JOSE LOURENCO DA SILVA,15685000,SP,0808,4622200,"4623103,4623109,4623199,4632001,4637103,4683400,5211701,5211799,7490104"
37381902,2,RENAPSI,RUA,BENEDICTO SOARES,53,JARDIM SANTA LUCIA,18078696,SP,7145,9430800,"9493600,9499500"
39432106,2,,AVENIDA,DOUTOR AFONSO VERGUEIRO,823,CENTRO,18035370,SP,7145,9313100,"4729699,4763602,4781400,5611203,8591100,8592901"
37874907,2,,RODOVIA,ALCIDES SOARES,S/N,VITORIANA,18619002,SP,6249,0115600,"0111303,0111302"
37729889,2,MANCHESTER SAO BERNARDO DO CAMPO,AVENIDA,ROTARY,624,CENTRO,09721000,SP,7075,4781400,"4763602,4772500,4782201,4782202"
36941164,2,,SITIO,SANTO ANTONIO,SN,AGULHA,15945000,SP,6413,0133404,"0133499,0139399,0119999"
40935296,2,,RUA,ANA CINTRA,266,CAMPOS ELISEOS,01201060,SP,7107,4110700,
37846085,2,,RUA,CAP ANTONIO ROSA,409,JARDIM PAULISTANO,01443010,SP,7107,4789099,"4637199,4751201,4752100,4753900,4755503,4763601,4763602,4781400,4783102,7490104"
40089642,2,,MARGEM,DA ROD FELICIANO S. CUNHA SENTIDO GUZOLANDIA-BAND D OESTE,S/N,LIMOEIRO,15355000,SP,6479,0151201,0151202
41154206,2,,SITIO,ENTRE RIOS,S/N,ENTRE RIOS,18535000,SP,0802,0113000,
40592710,2,,RUA,SAGUAIRU,1288,CASA VERDE,02514000,SP,7107,4110700,
37987947,2,,SITIO,BONFIM,SN,BONFIM,17730000,SP,6821,0119906,"0115600,0116401"
38420978,2,,SITIO,FIGO,SN,MARTIM FRANCISCO,13817899,SP,6717,0133404,"0133499,0111302,0111399"
37788251,2,TORRE 1 HAUTE BROOKLIN E TORRE 2 HUB BROOKLIN,RUA,DO ESTILO BARROCO,721,SANTO AMARO,04709011,SP,7107,4110700,
37381902,2,RENAPSI,RUA,DUQUE DE CAXIAS,774,VILA BANDEIRANTES,16015520,SP,6155,9430800,"9493600,9499500"
37195782,2,,SITIO,SAO LUIZ,S/N,ZONA RURAL,14700970,SP,6221,0113000,"0111302,0115600,0151201,0151203"
38066863,2,,SITIO,ALVORADA IV,S/N,VENDA BRANCA,17700000,SP,6793,0151201,
39994252,2,SOU RESIDENCIAL,RUA,WALDOMIRO TAVERNARI,700,JARDIM NAIR MARIA,13322292,SP,7005,4110700,
39802712,2,,RUA,TREZE DE MAIO,1933,BELA VISTA,01327001,SP,7107,4729699,"4721104,4753900,4759899,9521500"
37279034,2,,RUA,JOSE FREITAS AMORIM,S/N,MANSOES SANTO ANTONIO,13087504,SP,6291,4110700,
38329922,2,NICNET SOLUCOES EM INTERNET,RUA,TENENTE CARVALHO,694,CRUZ DAS POSSES,14179102,SP,7135,6110803,"6110801,6141800,6142600,6190601,6190699,6202300,6203100,6209100,7739099,8220200"
38329922,2,NICNET SOLUCOES EM INTERNET,RUA,18,1.029,CENTRO,14780060,SP,6209,6110803,"6110801,6141800,6142600,6190601,6190699,6202300,6203100,6209100,7739099,8220200"
40434681,2,,RUA,DR RUBENS GOMES BUENO,691,VARZEA DE BAIXO,04730903,SP,7107,6612602,
39017306,2,,RUA,PROFESSORA CELIA CANGRO MARQUES MENDES,1000,ALTO DA BOA VISTA,18087171,SP,7145,5620101,"5611201,5611203,5620102"
37193028,2,,AREA,FAZENDA SAO PAULO,S/N,AREA RURAL DE GARCA,17408899,SP,6435,0115600,
40439835,2,,RUA,CONS DANTAS,408,CANINDE,03032020,SP,7107,5223100,4520005
40504325,2,,AVENIDA,ROMARIO SCHINCARIOL,1111,DISTRITO INDUSTRIAL II LUIZ TORRANI,13803584,SP,6717,4751201,"3314710,3321000,3329599,4321500,4614100,4651601,4651602,4669999,6201501,6202300,6203100,6204000,6209100,6311900,6319400,6399200,7020400,7210000,7490101,7739099"
37306698,2,,RUA,CUSTODIO PAIVA,00,JARDIM SAO PAULO(ZONA LESTE),08461530,SP,7107,4110700,
39529548,2,,RUA,MAJOR JOSE INACIO,2994,CENTRO,13560161,SP,7079,4110700,
41093879,2,,ESTRADA,"JAU - POTUNDUVA, KM 8",SN,AREA RURAL DE JAU,17220899,SP,6607,0113000,
40012751,2,,SITIO,SAO JOSE,S/N,AGUAS CLARAS DO SUL,17860000,SP,6799,0113000,
40012751,2,,SITIO,SANTO ANTONIO,S/N,JURITI,17890000,SP,6621,0116401,"0115600,0113000,0119999"
40262136,2,,SITIO,SAO MANOEL,S/N,CASCATA,17740000,SP,6977,0113000,"0111302,0115600,0116401"
39264615,2,,TRAVESSA,CACHOEIRA DO PRETO,47,CONJUNTO PROMORAR RAPOSO TAVARES,05574180,SP,7107,4711302,"4691500,4721102,4722901,4781400,4782201,5611203"
38661966,2,,SITIO,NOSSA SENHORA APARECCIDA,S/N,ZONA RURAL,15300000,SP,6439,0116401,
37333915,2,,RUA,OUTROS BAIRRO JARDIM,S/N,JARDIM,13919899,SP,6595,0151201,
40631388,2,CONDOMINIO EDGE CAMBUI,RUA,MONSENHOR JOSE MARIA MONTEIRO,741,VILA FIRMIANO PINTO,04124040,SP,7107,4110700,
39678587,2,,FAZENDA,"AGUA BRANCA - RODOVIA CARLOS TONANI - KM 96,50",S/N,ZONA RURAL,14160970,SP,7135,0113000,
39238404,2,,ESTRADA MUNICIPAL,"DO BAIRRO AGUA LIMPA KM 8,2",SN,AGUA LIMPA,15910000,SP,6727,0133404,
39599375,2,NEX ONE PARAISO,RUA,CUBATAO - DE 484 A 770 - LADO PAR,S/N,VILA MARIANA,04013002,SP,7107,4110700,
39289862,2,,ESTRADA,MORRO AGUDO A PONTAL,S/N,ZONA RURAL,14640000,SP,6739,0113000,"0111302,0115600,0151201,0153902"
39289862,2,,ESTRADA,MORRO AGUDO A LAMBARI,S/N,ZONA RURAL,14640000,SP,6739,0113000,"0111302,0115600,0151201,0153902"
41049580,2,,AREA,RURAL,S/N,AREA RURAL DE IBITINGA,14949899,SP,6493,0115600,
36988468,2,,ESTRADA,BORBOREMA AO BAIRRO FUGIDOS,S/N,FUGIDOS,14955000,SP,6247,0119999,
36939303,2,,AVENIDA,GUADALAJARA,453,GUILHERMINA,11702210,SP,6921,8640202,"8640201,8640299"
38820313,2,RESIDENCIAL VILLAGE GEOVANA II,RUA,GEZIAEL PEREIRA DA SILVA,123,ESMERALDA,11713285,SP,6921,4110700,
37965776,2,,RUA,FLORIANO PEIXOTO,SN,BARBOSA,17501442,SP,6681,4110700,
37415705,2,,SITIO,DOIS IRMAOS,SN,FAZENDA CACHOEIRA,15150000,SP,6729,0139306,
40109238,2,BOV I - HAIA,AVENIDA,RAQUEL JACOB,AREA3A,ALTO DA BOA VISTA,18087562,SP,7145,4110700,
37498897,2,,FAZENDA,MACAUBA,SN,RURAL,15145000,SP,6709,0113000,0115600
38325081,2,,FAZENDA,LAGOINHA - CHACARA ASPIPER,SN,ZONA RURAL,19470000,SP,6927,0322101,
39441037,2,,SITIO,SAO JUDAS TADEU,9999,CORREGO DO ARARA,15740000,SP,6385,0151202,0111302
39477357,2,,RUA,JORGE ABRAO AUED,77,YOLANDA - JD.,15061560,SP,7097,7820500,5250804
39471242,2,,AVENIDA,MONTEMAGNO - DE 800/801 A 1578/1579,1029,CHACARA MAFALDA,03373025,SP,7107,4110700,
40315270,2,,ALAMEDA,FRANCA - ATE 384 - LADO PAR,286,JARDIM PAULISTA,01422000,SP,7107,4110700,
39556064,2,BRZ EMPREENDIMENTOS PORTAL ALTO DAS OLIVEIRAS SPE LTDA,RUA,ELYSALDO GOES,105,PARQUE DAS OLIVEIRAS II,14059240,SP,6969,4110700,
39494215,2,,RODOVIA,DOM GABRIEL PAULINO BUENO COUTO,S/N,MEDEIROS,13212240,SP,6619,5211799,
39316806,2,,FAZENDA,SANTA FE I,SN,ZONA RURAL,15120000,SP,6751,0139306,
40181203,2,ABC SISTEMA DE TRANSPORTE SPE S.A.,RUA,JOSE FERNANDO DE MEDINA BRAGA,500,JARDIM ORIENTAL,09185055,SP,7057,4921302,6462000
39916067,1,,ESTRADA MUNICIPAL,ARACATUBA AO BAIRRO AGUA LIMPA,1,AGUA LIMPA,16010970,SP,6155,0151201,
38068788,2,,RUA,DR SODRE,169,VILA NOVA CONCEICAO,04535110,SP,7107,4781400,"1412602,4616800,4763602,4772500,4782201,6462000,6463800,9529199"
39782298,2,,FAZENDA,ALVORADA,SN,ZONA RURAL,15620000,SP,6665,0139306,
40128611,2,,SITIO,SANTA MARIA,SN,AREA RURAL DE ARTUR NOGUEIRA,13169899,SP,6175,0115600,"0131800,0111302,0112199"
39467292,2,DIRETORIA DE GOVERNANCA DE TIC E SERVICOS AO CIDADAO,AVENIDA,RANGEL PESTANA,300,SE,01017911,SP,7107,8411600,
37319408,2,,RUA,MADRE CECILIA,1770,CENTRO,13400490,SP,6875,7319002,8211300
37041584,2,,RUA,EUGENIO DE MEDEIROS,303,PINHEIROS,05425000,SP,7107,7020400,"6462000,8219999"
38487486,2,BOREAL INDUSTRIAL SANTO ANDRE,VIA,ANCHIETA,SN,FABRIL,11546901,SP,6371,4649408,"4683400,4930202,4930203"
37123701,2,,SITIO,BALA DE PRATA,S/N,RODOVIA VICINAL JOSE CARLOS SA,15718000,SP,2987,0151201,
40720488,2,,RUA,CAJAMAR,35,JARDIM ALTO DA BARRA,13090860,SP,6291,5620101,"5611201,5611203,5620103,7820500,8230001,8299799"
37281063,2,,RUA,FELIPE GADELHA,129,SANTANA,02012120,SP,7107,8650003,"8650005,8650006"
40838368,2,LAR EGITO,RUA,GABRIEL CARRARO,2205,RESIDENCIAL PARQUE DOS SERVIDORES,14094239,SP,6969,4110700,
40178384,2,,RUA,ATLANTICA,224,JARDIM AMERICA,01440000,SP,7107,9521500,7319004
37920285,2,,SITIO,SAO VELENTIM,0,GRAMINHA,13610970,SP,6635,0113000,"0111302,0111399"
37791089,2,,SITIO,BOA ESPERANCA,0,RURAL,17587899,SP,6901,0113000,0116401
37791089,2,,SITIO,SAO PEDRO,0,CAINGANG,17587899,SP,6901,0113000,0116401
37830818,2,,SITIO,DALVAN,S/N,COROADOS,16310000,SP,6121,0113000,
37729889,2,PLANET GIRLS SHOPPING METRO ITAQUERA,AVENIDA,JOSE PINHEIRO BORGES,S/N,JARDIM HELENA,08420092,SP,7107,4781400,"4763602,4772500,4782201,4782202"
36761208,2,,SITIO,SANTO ANTONIO DOS TRES IRMAOS,S/N,ZONA RURAL,15190000,SP,6753,0113000,
38686476,2,,SITIO,ESTRELA DALVA,SN,SEDE,14550000,SP,6159,0113000,0115600
41170299,2,,AREA,RURAL,00,AREA RURAL DE BARRETOS,14788899,SP,6209,0139306,
40623939,2,,FAZENDA,RENATA,SN,ZONA RURAL,15690000,SP,6515,0113000,
40500293,2,,SITIO,BELA VISTA,SN,ZONA RURAL,19275000,SP,7255,0322101,
40720488,2,,RUA,DIOGO JACOME,798,VILA NOVA CONCEICAO,04512001,SP,7107,5620101,"5611201,5611203,5620102,5620103,7820500,8230001,8299799"
38442001,2,MSB BARCELONA TRIU 1722,RUA,DEMOSTENES - DE 411/412 A 529/530,441,CAMPO BELO,04614012,SP,7107,4110700,
39549864,2,FAZENDA CAJUEIRO - AREA 2,FAZENDA,CAJUEIRO - AREA 2,S/N,ZONA RURAL,14720000,SP,7165,0113000,"0111302,0115600,0116401,0131800,0133410,0151203,0153901,0154700,0155503,0210101"
39549864,2,SITIO JB VI - 2,SITIO,JB VI - 2,S/N,ZONA RURAL,14765000,SP,0824,0113000,"0111302,0115600,0116401,0131800,0133410,0151203,0153901,0154700,0155503,0210101"
40118114,2,,VIA,ANHANGUERA,S/N,JARDIM JARAGUA,05275000,SP,7107,4752100,"4652400,4723700,4781400,4785799"
39995556,2,ITUVERAVA,FAZENDA,"SANTA TEREZINHA II, RODOVIA ANHANGUERA KM 402, SENTIDO NORTE",S/N,ZONA RURAL,14500000,SP,6583,7739099,
39995556,2,MONTE MOR,SITIO,"VISTA ALEGRE, ESTRADA MUNICIPAL DO BAIRROCORREGO AZUL",S/N,SEDE,13190970,SP,6737,7739099,
39334434,2,,RUA,EMILIO BARBOSA DA SILVA,196,JARDIM ALVORADA,06612285,SP,6601,4681801,4930203
37499491,2,,SITIO,PAU BRASIL,SN,CORREGO DO QUATI,15670000,SP,6909,0151201,"0151202,0121101,0119999,0111302"
39737546,2,,RUA,DOUTOR FERDINANDO DELAMAIN,218,CENTRO,13600073,SP,6165,4110700,"4120400,6810201"
38069745,2,,FAZENDA,FAZENDA SANTA TEREZINHA,S/N,CENTRO,17600970,SP,7201,0116401,
36720585,2,CEIRY XVI - VILLA POMPEIA WELCONX EMPREENDIMENTOS IMOB,RUA,PADRE CHICO,749,PERDIZES,05008010,SP,7107,4110700,
39813405,2,,SITIO,SAO SEBASTIAO,SN,DO TURVO,12140000,SP,7101,0151201,"0151202,0111302,0159899"
37498464,2,,RODOVIA MUNICIPAL,CARODOSO A SAO JOAO DO MARINHEIRO,SN,ZONA RURAL,15575000,SP,6315,0151201,"0111302,0119906"
39394256,2,,SITIO,CONQUISTA,0,VENDA BRANCA,15160000,SP,6899,0139306,0113000
39615345,2,,RUA,COMENDADOR TORLOGO DAUNTRE,74,CAMBUI,13025270,SP,6291,4110700,"4120400,6810201,6810202"
38401151,2,,ESTRADA,MOCOCA A CASA BRANCA - ESTANCIA GUAIACA CHEIA,SN,Z. RURAL. EST .G.CHEIA,13730970,SP,6711,0151201,0151202
38246754,2,,AVENIDA,DAS NACOES UNIDAS,13947,VILA GERTRUDES,04794905,SP,7107,5911199,"1830002,1830003,5911101,5911102,5912001,5912002,5912099,5920100,6190699,6203100,6311900,6319400"
37563880,2,RESIDENCIAL SAN LEVI,ESTRADA,CATA PRETA,600,VILA JOAO RAMALHO,09170000,SP,7057,4110700,
40622972,1,,FAZENDA,OURO VERDE,S/N,ZONA RURAL,18849899,SP,7125,0134200,"0111302,0111303,0115600,0111399,0210101"
37851911,2,,RODOVIA,"SP 342 KM.201,5",SN,PALMEIRAS,13990000,SP,6865,0151201,"0152102,0134200"
38028672,2,,RUA,LEVY LENOTTI,8-35,VILA AVIACAO B,17047815,SP,6219,4110700,"4120400,4211101,4211102,4212000,4313400,6822600,7732201,8129000"
40020468,2,,SITIO,SANTO ANTONIO,S/N,CORREGO DA CACHOEIRA,15150000,SP,6729,0113000,
37042410,2,,AVENIDA,PACIFICO MONEDA,3312,VARGEAO,13914552,SP,6595,4110700,
39779653,2,,VIA,"MORRO AGUDO A VIRADOURO, FAZENDA CORREGO DOS CAVALOS",S/N,ZONA RURAL,14640000,SP,6739,6463800,"0111302,0113000,0115600,0116401,0119999,0151201,0161099,6810202"
41049580,2,,AREA,RURAL - SITIO SAO JOAO,S/N,AREA RURAL DE IBITINGA,14949899,SP,6493,0113000,
41049580,2,,AREA,RURAL - SITIO SAO JOSE,S/N,AREA RURAL DE IBITINGA,14949899,SP,6493,0113000,
37871447,2,POPULAR PET,AVENIDA,CIDADE JARDIM,4330,BOSQUE DOS EUCALIPTOS,12233002,SP,7099,4789004,"4623101,4623109,4644302,4771704,7500100,9609208"
36761208,2,,SITIO,O TAMBIU,S/N,ZONA RURAL,15190000,SP,6753,0113000,
40293573,2,,RUA,GUILHERME BACKEUSER,76,SITIO PAECARA (VICENTE DE CARVALHO),11450410,SP,6475,5021102,"2511000,2513600,3011301,3011302,3012100,3099700,3317101,3811400,3812200,3821100,3822000,3900500,4292801,4687702,4930203,5011401,5021101,5030101,5030102,5211799,5212500,5231102,5231103,5232000,6463800,7739099,8129000,8211300"
37648213,2,,ESTRADA,DA ESTACAO DO OURO - KM 14,S/N,ZONA RURAL,14801970,SP,6163,0113000,
40959834,2,WALKBITTENCOURT,RUA,MACHADO BITENCOURT,66E76,VILA CLEMENTINO,04044000,SP,7107,4110700,
40623939,2,,SITIO,SANTA LUZIA,SN,ZONA RURAL,15690000,SP,6515,0113000,
40623939,2,,FAZENDA,NOSSA SENHORA APARECIDA,SN,ZONA RURAL,15690000,SP,6515,0113000,
40224348,2,,RUA,D,1000,PARQUE PIRATININGA,12051816,SP,7183,7739099,"3511501,3511502,4399101"
37033689,2,,RODOVIA,ELIEZER MONTENEGRO MAGALHAES,KM 51,PARQUE INDUSTRIAL ANTONIO XAVIER COUTO,16080603,SP,6155,0113000,
37966729,2,RENOVAECO - COOPERATIVA DE ENERGIA,AVENIDA,GASTAO VIDIGAL,965,JARDIM MATILDE,19901010,SP,6795,7739099,"3313901,3313999,4321500,4669999,4673700"
36705376,2,,RUA,14,657,CENTRO,14780040,SP,6209,3314710,7739099
37789819,1,,FAZENDA,NOSSA SENHORA DAS GRACAS,S/N,DOS MACACOS,17154899,SP,0810,0111302,"0115600,0111303,0111399"
39619326,2,LYON,RUA,TENENTE MANUEL TINOCO MIRALDO,110,VILA SANTO ESTEFANO,04152030,SP,7107,4110700,
39433770,2,,ESTRADA,MUNICIPAL HERCULANDIA A JULIANIA,S/N,ZONA RURAL,17650000,SP,6481,0116401,
37638454,2,,FAZENDA,SANTA FE,S/N,ZONA RURAL,19600000,SP,6945,0116401,"0119908,0119999"
37563880,2,MIRANTE DO CAMPO,RUA,JOSE BONIFACIO DE ANDRADE E SILVA,208,VILA MARIA AUGUSTA,08570290,SP,6563,4110700,
38052083,2,BEXP,AVENIDA,DR GASTAO VIDIGAL,1234,VILA LEOPOLDINA,05314000,SP,7107,4511102,"4511101,4512901,4512902,4520001,4520002,4520003,4520007,4530703,6463800,7490104,7711000"
39343558,2,CERTA BUSINESS,AVENIDA,DO JANGADEIRO,780,INTERLAGOS,04815010,SP,7107,4622200,"4530701,4530702,4623109,4623199,4632001,4923002,4930201,4930202,5250803,5250804"
36947229,2,,AVENIDA,DEP EMILIO CARLOS,3950,LIMAO,02720200,SP,7107,6436100,"6204000,6619399,6622300,8291100"
36685420,2,,SITIO,SANTO ANTONIO DE PADUA,SN,FAZ JATAI DE BAIXO,15170000,SP,7169,0139306,
37623541,2,CONDOMINIO RESIDENCIAL ESSENCE,RUA,ZELINDO VOLPI,SN,JARDIM ERMIDA I,13212112,SP,6619,4110700,
40261035,2,,RUA,FARIZ SALOMAO,106,PARQUE INDUSTRIAL AVELINO ALVES PALMA,14077430,SP,6969,4930202,"4930201,4930204,5211799"
40180356,2,,SITIO,OURO VERDE II,S/N,AGUA LIMPA,16290000,SP,6255,0151201,"0119999,0121101"
36712455,2,,NUCLEO,COLONIAL DE GUATAPARA,SN,MOMBUCA,14115000,SP,7257,0115600,
39780254,2,,RODOVIA,WALDEMAR LOPES FERRAZ KM 583,SN,ZONA RURAL,15495000,SP,6985,0139306,
39907859,2,,RUA,BR DO RIO BRANCO,515,SANTO AMARO,04753001,SP,7107,8640202,
37380080,2,,SITIO,URTIGAO VII,SN,ZONA RURAL,17870000,SP,6417,0131800,"0133404,0133499,0139399,0151201,0151202,0151203"
38220902,2,,SITIO,LIMA,SN,DOS FRANCISCOS,18310000,SP,6453,0121101,"0133499,0133407,0133411"
41046041,2,,FAZENDA,4L,S/N,ZONA RURAL,15460000,SP,6497,0139306,
36852001,2,,RODOVIA,WALDEMAR LOPES FERRAZ KM 580,SN,ZONA RURAL,15495000,SP,6985,0139306,
40680641,2,,ESTANCIA,BELA VISTA,1,CORREGO DO MICO,15709899,SP,6597,0139306,
40126330,2,FAZENDA MATAO GLEBA AB,ESTRADA MUNICIPAL,SANTO ANTONIO DO ARACANGUA A VICENTINOPOLIS,S/N,ZONA RURAL,16130000,SP,2939,0115600,"0113000,0139399,0151201"
39166713,2,,FAZENDA,CAVALINHO,SN,ZONA RURAL,13524899,SP,7109,0116401,
38268578,2,,SITIO,SAO FRANCISCO DE ASSIS,S/N,EST MUNIC MONTE ALTO A TAIACU,15910000,SP,6727,0151201,0111302
40380006,2,,SITIO,RECANTO,S/N,CORREGO DA AGUA RUIM,15735000,SP,6151,0131800,0133408
40156634,2,,AREA,SITIO VIVICA,SN,AREA RURAL DE FERNANDOPOLIS,15613899,SP,6411,0139306,
41268603,2,,ESTRADA,VICINAL DE GUARA A RIBEIRAO CORRENTE,SN,ZONA RURAL,14580000,SP,6455,0113000,
37809215,2,,FAZENDA,CACHOEIRA,SN,ZONA RURAL,15240000,SP,6755,0113000,
39874141,2,,SITIO,SAO FRANCISCO,S/N,1 SECCAO DO NUCLEO COLONIAL,19500000,SP,6685,0139306,
39931677,2,,SITIO,NOSSA SENHORA APARECIDA,S/N,RURAL,14770000,SP,6341,0113000,"0139306,0151203"
39337062,2,,ESTRADA,ESTRADA FAZENDA SANTA MARIA - ALCEU,S/N,ZONA RURAL,15360000,SP,7147,0116401,0113000
41106188,2,,RUA,AMERICO SALES,00000,CENTRO,14680000,SP,6603,5620101,"4639701,4729699,5620102,7830200"
37195782,2,SITIO SANTO ANTONIO,SITIO,SANTO ANTONIO,S/N,ZONA RURAL,14740000,SP,7239,0113000,"0111302,0115600,0151201,0151202"
39441591,2,,AVENIDA,ORDEM E PROGRESSO,157,VARZEA DA BARRA FUNDA,01141030,SP,7107,6911701,
37450703,2,,SITIO,SANTO INACIO,S/N,SANTO INACIO,13539899,SP,6523,0113000,
37563880,2,RESIDENCIAL TERENCE,AVENIDA,AGOSTINHO MANFREDINI,2768,LOTEAMENTO PARQUE VERA CRUZ,12125610,SP,7197,4110700,
40147132,2,,AVENIDA,PRESIDENTE VARGAS,1265,JARDIM SAO LUIZ,14020273,SP,6969,6630400,7020400
38150836,2,,SITIO,SAO MARCOS,S/N,AREA RURAL DE TORRINHA,17369899,SP,7195,0151201,
39416209,2,,SITIO,SANTO ANTONIO,S.N,BOCAINA,15420000,SP,6459,0113000,"0111302,0151203"
39515464,2,,FAZENDA,SANTA ROSA,SN,ANAPOLIS,17680000,SP,6485,0119906,"0111302,0115600,0116401,0121101,0119903,0151201"
36740075,2,,RODOVIA,VICINAL PEDRO BORTOLETO,SN,SETE BARROCAS,13433899,SP,6875,0113000,
41216398,2,,AVENIDA,PAULISTA,1471,BELA VISTA,01311927,SP,7107,3313999,"2610800,2622100,4751201,5320201,5320202,6201501,6204000,6462000,6463800,7020400,8219999,9511800"
38046738,2,,SITIO,SAO BENTO,S/N,TAQUARAL,14968899,SP,6771,0113000,"0116401,0115600"
40733116,2,CONDOMINIO ALTUS VILA PRUDENTE,RUA,MARCELLO MULLER,200,JARDIM INDEPENDENCIA,03223060,SP,7107,4110700,
37498897,2,,SITIO,BELA VISTA I,S/N,ZONA RURAL,15109899,SP,0800,0113000,
41098470,2,,PRACA,FRANCISCO ORANGES,100,RIBEIRANIA,14096079,SP,6969,5620104,"4712100,5611201,8230001"
38490669,2,,SITIO,SAO PEDRO,S/N,AGUA NOVA,19978899,SP,6807,0113000,
41021708,2,,CHACARA,BOM JESUS,SN,ZONA RURAL,15150000,SP,6729,0113000,
40107944,2,,AVENIDA,DAMASCENO VIEIRA,147,VILA MASCOTE,04363040,SP,7107,3319800,"3321000,3329599,3811400,4321500,4322301,4322302,4330403,4330499,4399101,4751201,4754701,5211799,5212500,6209100,7020400,7112000,7119703,7119799,7733100,7739099"
39167124,2,,ESTRADA,MUNICIPAL HBR 323,SN,FUNDAO,13829899,SP,2953,0122900,
37791089,2,,FAZENDA,BARRO PRETO,SN,AREA RURAL DE PAULOPOLIS,17588899,SP,6901,0116401,0113000
37380070,2,,ESTRADA,MUNICIPAL,1,FURNAS,18170000,SP,6857,0121101,0119999
38028702,2,,FAZENDA,NOVA ANGELA / BARREIRINHO CAABREUVA,00,RURAL,14735000,SP,7139,0113000,0115600
37098595,2,,RUA,SERRA NEGRA,394,JARDIM JOQUEI CLUBE,14078640,SP,6969,4729699,"4637199,4712100,5620102,5620104"
40049475,2,,ESTRADA,"MUNICIPAL DE GUARANTA A PONGAI - KM 1,5",S/N,AREA RURAL DE GUARANTA,16574899,SP,6463,0139306,
37151655,2,,ALAMEDA,SANTOS,2224,CERQUEIRA CESAR,01418200,SP,7107,4669999,"2710401,2731700,3313901,3313999,3314701,3314717,3319800,3321000,3600601,4321500,4329105,4512901,4520001,4530703,4530706,4662100,4663000,5250802,5250803,6463800"
39547034,2,,RODOVIA,MARECHAL RONDON KM 280,S/N,BOM SUCESSO,18657899,SP,7103,0151201,"0111302,0115600"
39998813,2,,AVENIDA,NOE REZENDE,3381,JARDIM SAMELLO WOODS,14403721,SP,6425,4110700,
39619105,2,,ESTRADA,MUNICIPAL DO TAQUARI,S/N,ZONA RURAL,14470000,SP,6841,0151201,"0151202,0111302"
36981838,2,,ESTRADA MUNICIPAL,NEVES PAULISTA A MONTE APRAZIVEL,S/N,ZONA RURAL,15127899,SP,6751,0151201,"0151202,0151203,0111302,0155501"
39660371,2,,SITIO,SAO JOSE II,S/N,ZONA RURAL,15530000,SP,6359,0113000,"0111302,0115600,0116401"
39255857,2,,AVENIDA,BRIG FARIA LIMA,2232,JARDIM PAULISTANO,01489900,SP,7107,4772500,"4646001,4646002,4781400,5813100,6319400,7319002"
40296953,2,CONDOMINIO UP POMPEIA,AVENIDA,POMPEIA,593,VILA POMPEIA,05023000,SP,7107,4110700,
36977555,2,,RUA,21 BE,1240,JARDIM KENNEDY,13501380,SP,6979,4753900,"3314710,3314799,4619200,4646001,4646002,4649408,7739099"
38366907,2,NATURALLE DO BRASIL,RUA,MANDIORE,358,VILA FORMOSA,03360015,SP,7107,4646001,4772500
38258328,2,,FAZENDA,SAO MIGUEL,S/N,ZONA RURAL,15620000,SP,6665,0151201,0151203
37143224,2,OURO 2,RUA,OSVALDO ORLANDO DA COSTA,652,RESIDENCIAL COSMOS,13059091,SP,6291,4110700,
40525949,2,,SITIO,SANTO ANTONIO,SN,CACHOEIRA DOS CASTILHOS,15950000,SP,7013,0113000,
38329922,2,NICNET SOLUCOES EM INTERNET,AVENIDA,ANGELO MARTINS TRISTAO,27,CENTRO,14770000,SP,6341,6110803,"6110801,6141800,6142600,6190601,6190699,6202300,6203100,6209100,7739099,8220200"
40012755,2,,CHACARA,SAO JOAO,999999,RURAL,13539899,SP,6523,0113000,
37648390,2,,SITIO,SANTANA,S/N,BARRA MANSA,17201970,SP,6607,0113000,
40299810,2,,RUA,VEREADOR EURIPEDES RAMA PARDAL,121,GUATURINHO,07756595,SP,6285,5211702,"5211701,5211799,5212500"
41183905,2,,ESTRADA,MUNICIPAL VELHA BEBEDOURO A TURVINIA,SN,RURAL,14700970,SP,6221,0151201,
38483993,2,,RODOVIA,BR 153 SENTIDO GETULINA A LINS,S/N,AREA RURAL DE GETULINA,16457899,SP,6441,0113000,"0116401,0111302,0115600,0119999"
40877434,2,,SITIO,SAO JOAO,SN,AREA RURAL,18919899,SP,7029,0115600,"0111302,0119906"
36941106,2,,AVENIDA,DA SAUDADE,3710,VILA SANTA CRUZ,15014020,SP,7097,8599604,"6821802,7020400,7319002,7319004,7490104,8211300,8219999,8550302,8599699"
38172732,2,,FAZENDA,SAO SEBASTIAO,SN,AREA RURAL DE POLONI,15164899,SP,6899,0151201,
38231686,2,,FAZENDA,FAZENDA SANTA CRUZ,2,AGUA LIMPA - ZONA RURAL,17700000,SP,6793,0113000,"0111302,0151201,6462000,6810201,6810202"
39814105,2,,RUA,CONEGO LADEIRA,340,VILA MAZZEI,02309080,SP,7107,4110700,
39768788,2,,SITIO,SAO PEDRO,S/N,AREA RURAL DE SARUTAIA,18849899,SP,7125,0115600,"0119905,0134200,0111399,0151201"
40630480,2,,SITIO,KAWAUSHI,SN,SECCAO CASCATA,17690000,SP,6215,0151201,"0119906,0111302,0115600,0112199"
39933408,2,NEW LIFE TABOAO SPE,RUA,DAS GARDENIAS,398,PARQUE ASSUNCAO,06753450,SP,7157,4110700,
38016159,2,,AVENIDA,NOVA CANTAREIRA,3784,TUCURUVI,02340001,SP,7107,8650004,9313100
38047620,2,,SITIO,BOA VISTA,S/N,ZONA RURAL,16230000,SP,6855,0121101,"0111302,0151201,0113000"
39899317,2,CLINICA LUMA,RUA,PROF PEDREIRA DE FREITAS,937,TATUAPE,03312052,SP,7107,8650003,"8550302,8599604,8599699,8650002,8650004,8650005,8650006,8650099,8690901"
37921643,2,,SITIO,ESPERANCA,S/N,GRANADA,17650000,SP,6481,0116401,
40180567,2,,AVENIDA,ANTONIO ORTEGA,3864,PINHAL,13317212,SP,6269,7739099,"3313901,3313999,3314706,4673700,6463800,6810202"
39266698,2,CONDOMINIO MIRUS VILA MADALENA,RUA,RODRIGO LOBATO,110,JARDIM VERA CRUZ,05030130,SP,7107,4110700,
37504105,2,,ESTRADA MUNICIPAL,VIA ALTO DA SERRA,S/N,SAO JOAO,13524899,SP,7109,0115600,"0111302,0111303"
37119990,2,NEON ABDON BATISTA,RUA,ABDON BATISTA,156,PARQUE DAS PAINEIRAS,03694020,SP,7107,4110700,
37245601,2,,AVENIDA,JOSE IGNACIO BICUDO,230,JARDIM SAO LEOPOLDO,12228180,SP,7099,4711302,"4721102,4722901"
37779606,2,ATENAS DISTRIBUIDORA DE COMBUSTIVEIS,RODOVIA,SP-308 (RODOVIA DO ACUCAR),S/N,ALAMBARI DE CIMA,13399899,SP,6981,4681801,4681805
40754831,2,,AVENIDA,BRIG FARIA LIMA,3900,ITAIM BIBI,04538132,SP,7107,8630503,"8610101,8630501,8630502,8640299"
37498897,2,,ESTANCIA,RUFO,S/N,ZONA RURAL,15140000,SP,6195,0113000,
38047620,2,,SITIO,SANTO ANTONIO,S/N,CASSEMIRO,16230000,SP,6855,0113000,"0121101,0111302,0151201"
40959334,2,,CHACARA,RISUBE,SN,ZONA RURAL,17626899,SP,7201,0116401,"0151201,0111302,0139399"
40041681,2,,AVENIDA,GERALDO AZZONI,S/N,RIO ACIMA,13215840,SP,6619,0152102,
39845109,2,,RUA,DO BOM JESUS,292,CENTRO,18530027,SP,7191,4711302,"1091102,4721102,4722901,4724500,4729699,4755502,5611203"
40184326,2,,FAZENDA,VARGINHA,SN,ZONA RURAL,14620000,SP,6787,0113000,0151201
37598151,2,,AREA,SITIO SANTO ANTONIO DAS PIMENTAS,SN,AREA RURAL DE SERTAOZINHO,14178899,SP,7135,0113000,
39275661,2,,SITIO,SANTA TEREZINHA,SN,CORREGO DO MARIMBONDO,15715970,SP,7249,0151201,0151202
38005151,2,,ESTRADA,SANTA CATARINA KM 4,SN,SANTA CATARINA,08940000,SP,6231,0153902,"0153901,0151201,0119999"
37378477,2,BBS VEICULOS MEGA STORE,RUA,CAP LUIS RAMOS,32,VILA GUILHERME,02066010,SP,7107,5211799,5223100
37373401,2,,AVENIDA,DAS NACOES UNIDAS,12399,BROOKLIN PAULISTA,04578000,SP,7107,6204000,"4321500,4652400"
37348472,2,,AREA,FAZENDA SANTA ADELINA IV,S/N,BOA VISTA DO SAO LOURENCO,14907899,SP,6555,0113000,
39234328,2,,SITIO,SANTA RITA,S/N,AREA RURAL DE ALTINOPOLIS,14359899,SP,6119,0113000,"0115600,0134200"
41172970,2,,ESTRADA,MUNIC MIRASSOL A BARRA DOURADA,SN,AREA RURAL DE MIRASSOL,15138899,SP,6707,0151201,0151202
41270493,2,RESIDENCIAL AQUARELA,AVENIDA,JOAO AFONSO COSTA,SN,CONJUNTO HABITACIONAL HUGO LACORTE VITALLE,14875445,SP,6587,4110700,
38158530,2,,SITIO,MONTE ALEGRE I I,S/N,ALTO IRIS,17830000,SP,6421,0151201,0113000
37951721,2,,AVENIDA,CEL FIRMO VIEIRA DE CAMARGO,135,CENTRO,18270770,SP,7181,7820500,"6204000,6399200,6493000,7020400,8219999"
40877434,2,,GRANJA,SAO CARLOS,0,AREA RURAL,18919899,SP,7029,0115600,"0111302,0119906"
40877434,2,,SITIO,SERRINHA,SN,AREA RURAL,18919899,SP,7029,0115600,"0111302,0119906"
38276166,2,,ESTANCIA,HORIZONTE,SN,GRUTA,19590000,SP,7159,0115600,
38955142,2,,AVENIDA,GUINLE,574,CIDADE INDUSTRIAL SATELITE DE SAO PAULO,07221070,SP,6477,2592602,
40792208,2,RESIDENCIAL AUTENTICITA,RUA,LIMEIRA,1850,LAGOA SECA,13454214,SP,7017,4110700,
38036132,2,,AVENIDA,EXPEDICIONARIO CARMELINO DE JESUS,313,VILA PILAR,07401775,SP,6177,9430800,"8511200,9499500"
41021519,2,,FAZENDA,ESTRELA DALVA,SN,ZONA RURAL,15460000,SP,6497,0139306,
38843249,2,,RUA,URBANO SANTOS,599,SITIO DOS BRITOS,07182320,SP,6477,4530701,4541202
37871447,2,,AVENIDA,SAO JOAO,686,JARDIM ESPLANADA II,12242840,SP,7099,4789004,"4623101,4623109,4644302,4771704,7500100,9609208"
38450809,2,,SITIO,RANCHO DOIS IRMAOS,SN,ITAPEUNA,11960000,SP,6397,0133402,
37022101,2,,AREA,RURAL - SITIO SAO CARLOS,S/N,FAZENDA BOA VISTA DO JACARE,14949899,SP,6493,0113000,
37438855,2,,ESTANCIA,PALMEIRA,S/N,TRES PONTES,16800000,SP,6703,0151201,"0119999,0151202"
40615576,2,,SITIO,SANTO ANTONIO,S/N,ZONA RURAL,15869899,SP,6489,0113000,
38972152,2,,RODOVIA,ITUVERAVA A JERIQUARA KM 06 A ESQUERDA,S/N,ZONA RURAL,14500000,SP,6583,0151201,
37013106,2,,FAZENDA,FAZENDINHA DO RETIRO,SN,ZONA RURAL,15178899,SP,7169,0151202,0151201
38276166,2,,FAZENDA,SOSSEGO GLEBA B,SN,AREA RURAL DE ITORORO DO PARANAPANEMA,19208899,SP,6885,0115600,
37069324,2,AIRE ALTO DE PINHEIROS,RUA,PEREIRA LEITE,100,SUMAREZINHO,05442000,SP,7107,4110700,
36838512,2,,FAZENDA,SANTA MARIA,S/N,AREA RURAL DE MIRASSOL,15138899,SP,6707,0139306,
37959017,2,,SITIO,SAO SEBASTIAO,S/N,ZONA RURAL,15150000,SP,6729,0151201,
39822527,2,,SITIO,SAO JOSE E FAZENDA ROSARIO,S/N,ZONA RURAL,18769899,SP,6329,0113000,"0115600,0111302"
38193262,2,,RUA,ALEGRE,470,SANTA PAULA,09550250,SP,7077,8211300,"6821801,6821802,8219999"
41057887,2,,SITIO,SAO PEDRO,SN,AREA RURAL DE ARANDU,18719899,SP,6161,0115600,"0111302,0111303,0119905"
37609089,2,,MARGEM,ESQUERDA DO BAIRRO DA BARRA,S/N,BAIRRO DA BARRA,18169899,SP,7007,0151201,"0111302,0111303,0115600,0119905,0151202,0153902,0154700,0155503"
37789819,2,,SITIO,SAO JERONIMO,S/N,RURAL,17154899,SP,0810,0115600,"0111302,0111303,0111399"
39822527,2,,SITIO,AGUA DO MONJOLO,S/N,ZONA RURARL,18769899,SP,6329,0113000,"0115600,0111302"
39933439,2,GP MOTOCICLE,AVENIDA,JOAQUIM CONSTANTINO,4689,JARDIM SATELITE,19063008,SP,6929,4530702,"4530701,4541203"
37806405,2,360 PARK VIEW,AVENIDA,DO ANASTACIO,S/N,CITY AMERICA,05119000,SP,7107,4110700,
38947555,2,,RUA,ADEMAR DE BARROS,99,CENTRO,13870080,SP,7083,4772500,"4646002,4729699,4759899,4789099"
38323850,2,,RODOVIA,FELICIANO SALES CUNHA KM 585,S/N,BARREIRO,15355000,SP,6479,0141502,0141501
39818875,2,,RODOVIA,FELICIANO SALES CUNHA,KM 550,FAZENDA LIMOEIRO,15300000,SP,6439,0139306,
39814044,2,,RUA,DOUTOR ANTONIO BENTO,241,SANTO AMARO,04750000,SP,7107,4110700,
39608915,2,,SITIO,NOSSA SENHORA APARECIDA II,S/N,AREA RURAL DE MARTINOPOLIS,19509899,SP,6685,0119999,0121101
39822527,2,,SITIO,SERTAOZINHO,S/N,AREA RURAL DE CERQUEIRA CESAR,18769899,SP,6329,0113000,"0111302,0111399,0115600"
36905132,2,,RUA,SEBASTIAO DE SOUZA SILVA,N. 172,PARQUE LAGUNA,06795030,SP,7157,4684201,"2229301,2229302,2229399,4618499,4619200,4930201,4930202,4930203"
39467292,2,COORDENADORIA DA CENTRAL DE COMPRAS,AVENIDA,RANGEL PESTANA,300,SE,01017911,SP,7107,8411600,
40554548,2,,SITIO,SITIO LIBERDADE,SN,PORTAL DO CEU,16710899,SP,6465,0113000,
40659276,2,CONDOMINIO RESIDENCIAL MEU PLANO & JOSE BONIFACIO,AVENIDA,JOSE PINHEIRO BORGES S/N,S/N,VILA CAMPANELA,08220900,SP,7107,4110700,
40404724,2,,SITIO,SANTA HELENA,S/N,AGUA LIMPA,16270000,SP,6443,0113000,0115600
40169832,2,,FAZENDA,SANTA TEREZINHA,SN,AREA RURAL,19714899,SP,6811,0113000,"0111302,0115600,0151203"
40129327,2,,ESTRADA,MUNICIPAL G.MONTEIRO/BAIRRO PROGRESSO,KM,PROGRESSO,16220000,SP,6431,0151201,"0151202,0151203,0121101"
37563880,2,RESIDENCIAL NASCENTE DO JEQUITIBÁ,RUA, ONZE,SN,JARDIM CIDADE PIRITUBA,02945220,SP,7107,4110700,
39680402,2,,AREA,ESTANCIA ARUANA,S/N,AREA RURAL DE GUARARAPES,16709899,SP,6465,0113000,
38113351,2,NECTAR ORIGINAL FAST FOOD RESTAURANTES LTDA,AVENIDA,PEDROSO DE MORAIS,1485,PINHEIROS,05419001,SP,7107,5611203,"4729699,5611201,5620104,7740300"
39403946,2,,RECANTO,BELA VIDA,S/N,AREA RURAL DE TUPA,17626899,SP,7201,4686902,"1359600,4789099"
39373347,2,,RODOVIA,FRANCISCO SCHUMAHER SENTIDO CABECEIRA DAS AGUAS PARA,S/N,ZONA RURAL,15559899,SP,6135,0151201,
37969285,2,,ESTANCIA,ESPERANCA,SN,AREA RURAL DE IPIGUA,15109899,SP,0800,0119901,"0119904,0119907,0119908,0119909,0121101,0121102,0131800,0132600,0133402,0133403,0133407,0133408,0133410,0133411,0133499,0151201,0151202,0155501"
37842149,2,RESIDENCIAL BEATRIZ,RUA,JOAO MENDES JUNIOR,1018,SITIO DO CAMPO,11725060,SP,6921,4110700,
41058189,2,GAUTENG,AVENIDA,ERNESTO IGEL,3914,BONFIM,13147070,SP,6831,4930203,"4930201,4930202"
39931544,2,,FAZENDA,CIPOPAL,S/N,ZONA RURAL,14419899,SP,6827,0113000,
39822527,2,,ESTANCIA,SANTA ELISA,S/N,ZONA RURAL,18769899,SP,6329,0113000,
39931544,2,,FAZENDA,BELO HORIZONTE,S/N,ZONA RURAL,14419899,SP,6827,0113000,
38053618,2,,SITIO,NOVO TEMPO,S/N,PITANGUEIRAS,15857899,SP,7221,0133404,
38208068,2,,FAZENDA,PAQUETA,SN,ZONA RURAL,16129899,SP,6155,0139306,
38333763,2,,SITIO,SANTA LUZIA,S/N,AROEIRA,15840000,SP,6539,0133404,"0111302,0119906,0133499"
40395323,2,,FAZENDA,SANTO REIS,SN,RURAL,15620000,SP,6665,0139306,
40178454,2,,SITIO,IPE ROXO,S/N,AREA RURAL DE BRASITANIA (FERNANDOPOLIS),15614899,SP,6411,0113000,
38480878,2,,AVENIDA,ENG LUIZ CARLOS BERRINI,1201,CIDADE MONCOES,04571010,SP,7107,5611203,"4723700,4729699,4781400"
38480878,2,,RUA,BANDEIRA PAULISTA,1241,ITAIM BIBI,04532013,SP,7107,5611203,"4723700,4729699,4781400"
36900740,2,,FAZENDA,RIO VERDE,SN,AREA RURAL DE BAURU,17109899,SP,6219,0139306,
41160816,2,,SITIO,DOIS IRMAOS,SN,ZONA RURAL,15178899,SP,7169,0113000,
41170948,2,,SITIO,SANTO ANTONIO,S/N,AREA RURAL DE PIRACICABA,13433899,SP,6875,0113000,
37038408,2,FUNDICAO VALE DOS METAIS,RUA,CADMIO,309,PARQUE SAO PEDRO,08586110,SP,6563,4687703,"2592601,4685100,4687701,4687702"
37804703,2,,AVENIDA,PARANAGUA,1587,VILA PARANAGUA,03806010,SP,7107,4642701,"4744005,4754702,4755501,4761003,4763601,4772500,4781400,4782201,4782202,4783101,4789001,4789099,6463800,8219999"
41017764,2,RESIDENCIAL ALBERTO FERRUCCI - MODULO III - PJ3,AVENIDA,ANTONIO ADIB CHAMMAS,SN,JARDIM CONTINENTAL,17212171,SP,6607,4110700,
41170948,2,,SITIO,GLEBA I A,S/N,AREA RURAL DE PIRACICABA,13433899,SP,6875,0113000,
37498897,2,,SITIO,SANTO ANTONIO,S/N,ZONA RURAL,15140000,SP,6195,0113000,
36939303,2,FILIAL LAPA,RUA,BR DE JUNDIAI,353,LAPA,05073010,SP,7107,8640202,"8640201,8640299"
36939303,2,FILIAL ALVARO RAMOS,AVENIDA,ALVARO RAMOS,2016,QUARTA PARADA,03330000,SP,7107,8640202,"8640201,8640299"
40497691,2,,SITIO,SANTO ANTONIO,S/N,CAMPO,12990000,SP,6837,0121101,"0121102,0119999"
40959333,2,,ESTRADA,OFICIAL ARACATUBA BIRIGUI,SN,TUPI,16200970,SP,6229,0113000,
39797446,2,RESIDENCIAL RESPAR IV,RUA,AFONSO D'ESCRAGNOLLE TAUNAY,1887,ESMERALDA,11713490,SP,6921,4110700,
36629930,2,,SITIO,ESTRELA,00,ZONA RURAL,14160970,SP,7135,0113000,
40623939,2,,SITIO,SANTO ANTONIO,S/N,ZONA RURAL,15690000,SP,6515,0113000,
40792208,2,RESERVA DI MEDEIROS,AVENIDA,JOSE GOTHARD,SN,MEDEIROS,13212245,SP,6619,4110700,
37498897,2,,SITIO,APARECIDA,S/N,ZONA RURAL,15149899,SP,6709,0113000,
37856160,2,,RUA,JOAO GHIZZI,1584,JARDIM REGINA,18460514,SP,6565,4930202,4930201
38883732,2,,RUA,DA MINA CENTRAL,37,CIDADE NOVA HELIOPOLIS,04235460,SP,7107,9499500,
39562925,2,RESIDENCIAL PORTO FINO,AVENIDA,ARMANDO BEI,SN,VILA NOVA BONSUCESSO,07175000,SP,6477,4110700,
40088043,2,,RODOVIA,JABORANDI A COLINA KM 2 ENTRADA A ESQUERDA,S/N,ZONA RURAL,14775000,SP,6585,0113000,"0111302,0111399,0115600,0116401"
41080360,2,,FAZENDA,SANTA RITA,S/N,SAO JOAO DO MEIO,13778899,SP,6275,0134200,
37139111,2,,SITIO,SANTO ANTONIO,SN,BAIRRO NEGRINHA,17730000,SP,6821,0151201,"0121101,0134200,0133404,0133408,0119906"
39809548,2,,SITIO,BELA VISTA,S/N,ZONA RURAL,15530000,SP,6359,0139306,
36761208,2,,SITIO,NOSSA SENHORA APARECIDA,S/N,AREA RURAL DE AMERICO DE CAMPOS,15559899,SP,6135,0113000,
36761208,2,,FAZENDA,JEQUITIBA,S/N,ZONA RURAL,15178899,SP,7169,0113000,
38059509,2,,RUA,RAPHAEL LUCAS MARTINES,925,JARDIM DOS MANACAS,14801539,SP,6163,4754701,4754702
37318332,2,WOW PILAR DO TIETE,AVENIDA,PRES CASTELO BRANCO,S/N,PARQUE RESIDENCIAL DA LAPA,05034000,SP,7107,4520005,"4781400,4789001,4789005,7739099"
40623939,2,,SITIO,VAI QUEM QUE,S/N,ZONA RURAL,15693899,SP,6515,0113000,
40822283,2,,RUA,DESEM ELISEU GUILHERME,292,PARAISO,04004030,SP,7107,6612605,
40615576,2,,SITIO,SANTO ANTONIO,S/N,SAO DOMINGOS,15884899,SP,7153,0113000,
36711694,2,,ESTRADA,MORRO AGUDO A VIRADOURO,S/N,ZONA RURAL,14649899,SP,6739,0113000,"0111302,0115600,0139399,0151201,0151202,0161003"
40918105,2,ECOMASTER CLIMATIZADORES,RUA,FUTIM ELIAS,233,LOTEAMENTO INDUSTRIAL MACHADINHO,13478712,SP,6131,2824102,"3321000,4292801,4321500,4741500,4742300,4744001,4751201,4753900,4754703,4757100,4759899,4761003,7490104,9521500"
39822527,2,,SITIO,AGUA DO ROSARIO,S/N,ZONA RURAL,18769899,SP,6329,0113000,"0111302,0115600,0111399"
41080360,2,,SITIO,CAFE DA GRAMA 4,SN,BAIRRO PAU D ALHO,13778899,SP,6275,0134200,
40432544,2,CLARO,AVENIDA,GUILHERME DE CAMPOS,500,JD. SANTA GENEBRA,13087901,SP,6291,6120501,
38883732,2,CCA LAGOA,RUA,FLOR DO PINHAL,02,VILA HELIOPOLIS,04236010,SP,7107,9430800,"9493600,9499500"
37116985,2,DELEGACIA SINDICAL DE LIMEIRA -SP,PRACA,TOLEDO BARROS,50,CENTRO,13480021,SP,6639,9420100,
37116985,2,DELEGACIA NACIONAL DA ALFANDEGA DO AEROP INT DE CUMBICA,RUA,JOAO JAMIL ZARIF,SN,GUARULHOS,07141310,SP,6477,9420100,
37116985,2,CONSELHO ESTADUAL DE DELEGACIAS SINDICAIS - CEDS/SP,RUA,BRIGADEIRO TOBIAS,577,CENTRO,01032001,SP,7107,9420100,
37117322,2,COMUNIDADE EVANGELICA SARA NOSSA TERRA,RUA,DOS LIRIOS,809,SETOR VILA LIDIA,14300001,SP,6217,9491000,
37117322,2,COMUNIDADE EVANGELICA SARA NOSSA TERRA,RUA,PRUDENTE DE MORAES,335,CENTRO,12400230,SP,6861,9491000,
37117322,2,COMUNIDADE SARA NOSSA TERRA,AVENIDA,JANIO QUADROS,332,CENTRO,08500010,SP,6415,9491000,
38059846,2,,RUA,AUGUSTO SIMOES,16,VILA SANTO ANTONIO,11432500,SP,6475,7420005,
38925228,2,FORTE & FERTIL - FILIAL 02,RUA,MARCOS SEBER FILHO,1226,JARDIM PAULISTA,17360294,SP,7195,4683400,"4623106,4744001,4789099,5211799"
39011929,2,,AVENIDA,SENADOR TEOTONIO VILELA,8512,JARDIM CASA GRANDE,04858002,SP,7107,4530701,"4120400,4530703,4759899,4110700,6810202,6821801"
40202210,2,,RUA,WALDEMAR FERREIRA,501,BUTANTA,05501000,SP,7107,6491300,
40432544,2,CLARO,RUA,KENKITI SIMOMOTO,115,JAGUARE,05347010,SP,7107,6120501,
40432544,2,CLARO,RUA,DA VARZEA,338,PERDIZES,01140080,SP,7107,6120501,
40537995,2,,ALAMEDA,SUBTENENTE-AVIADOR FRANCISCO HIERRO,465,PARQUE NOVO MUNDO,02187040,SP,7107,4930202,5211799
40995235,2,,RUA,RAPHAEL DE MARCO,96,C IND FLORIDA,06753420,SP,7157,4633801,
40432544,2,CLARO,AVENIDA,ANTONIO FREDERICO OZANAN,6000,VILA RIO BRANCO,13215276,SP,6619,6120501,
36819472,1,,ALAMEDA,DOS MARACATINS,1435,INDIANOPOLIS,04089015,SP,7107,6810201,6810202
38760591,1,,RUA,GROENLANDIA,1446,JARDIM AMERICA,01434100,SP,7107,6491300,
38761045,1,SUPERMERCADO FRED - LOJA 1,AVENIDA,DR RODOLPHO S GIORGI,525,CENTRO,19780000,SP,6935,4711302,"4721102,4722901,4724500,5611203,4729699,4755502,4755503,4761003,4772500,4789099"
38771127,1,,RUA,ONEDA,380,PLANALTO,09895280,SP,7075,3032600,"7112000,4673700,4663000"
38809737,1,ELETROPLASMA,RUA,RIO DE JANEIRO,319,JARDIM RUYCE,09961730,SP,6377,2592602,
38813200,1,,RUA,BELISARIO CAMPANHA,191,CASA VERDE MEDIA,02521000,SP,7107,2829199,3314799
38848107,1,VANGUARDA,ESTRADA MUNICIPAL,JOSE CORREA DE MORAES,8676,CHAPADA GRANDE,18215410,SP,6547,4299599,"4213800,7112000,7732201"
38879151,1,,RUA,JOAO DE BARROS,76,BARRA FUNDA,01151030,SP,7107,9430800,"9493600,9499500"
38881900,1,,AVENIDA,JABAQUARA,317,SAUDE,04045000,SP,7107,8112500,
38882205,1,,RUA,INDIANA,71,CIDADE MONCOES,04562000,SP,7107,8112500,
38884680,1,,AVENIDA,HIGIENOPOLIS,529,HIGIENOPOLIS,01238001,SP,7107,7111100,7119799
38884730,1,,RUA,COSTA AGUIAR,875,IPIRANGA,04204000,SP,7107,8112500,
38887139,1,,RUA,STO ANTONIO,1070,BELA VISTA,01314001,SP,7107,8112500,
38887709,1,,AVENIDA,D PEDRO I,181,CAMBUCI,01552001,SP,7107,8112500,
38888004,1,,RUA,SILVEIRA MARTINS,115,CENTRO,01019000,SP,7107,8112500,
38888756,1,,RUA,DOMINGOS DE MORAIS,2187,VILA MARIANA,04035000,SP,7107,6911701,
38888814,1,,AVENIDA,LIBERDADE,21,CENTRO,01503000,SP,7107,6911701,
38889895,1,,RUA,TREZE DE MAIO,1911,PARAISO,01327001,SP,7107,8112500,
38890323,1,,RUA,DA GLORIA,332,LIBERDADE,01510000,SP,7107,8112500,
38891545,1,,AVENIDA,SAO JOAO,2079,SANTA CECILIA,01211100,SP,7107,8112500,
38891909,1,,AVENIDA,NOVA CANTAREIRA,3191,TUCURUVI,02341000,SP,7107,8112500,
38894101,1,,RUA,DR LEONARDO PINTO,29,BOM RETIRO,01125010,SP,7107,8112500,
38894317,1,,RUA,DAMIANA DA CUNHA,385,CHORA MENINO,02450010,SP,7107,8112500,
38895934,1,,RUA,VOLUNTARIOS DA PATRIA,2573,SANTANA,02401000,SP,7107,8112500,
38897583,1,,RUA,ANTONIO GIL,641,VILA FILOMENA,04655000,SP,7107,4753900,4759899
38903563,1,PSM,RUA,JONAS DE TOLEDO ARRUDA,242,JARDIM DAS PAINEIRAS,17211320,SP,6607,7311400,"4781400,4754701,8220200,9003500,9319101,8599699"
38935979,1,,RUA,SOLD JOAO RODRIGUES,60,JARDIM JAPAO,02143020,SP,7107,3292202,"3250707,4642702"
38944336,1,,RUA,ARLINDO FRAGA DE OLIVEIRA,451,JARDIM SAO LUIS,05843160,SP,7107,3811400,
38946927,1,AGROBASE,RUA,CLARA BASSANI,43,CENTRO,09710160,SP,7075,0115600,"0111302,0119905,0151201,3314712,4530703,0163600,5211799"
38955167,1,DISPAV,RUA,JOAQUIM XAVIER CURADO,237,PARQUE IPE,05762140,SP,7107,9521500,4120400
38998472,1,VISTA ALEGRE PIZZARIA,RUA,RUA JOAQUIM ALVES CARDOSO,19,VISTA ALEGRE,12460000,SP,6295,5611201,5611203
39021696,1,,RUA,HUMBERTO ALBUQUERQUE CAMARA NETO,03,JARDIM GUANHEMBU II,04814410,SP,7107,4520001,"4520002,4520003,4520004"
39034780,1,SIGARI INDUSTRIA E COMERCIO,VIA,DE ACESSO ALCIDES MONTEIRO,300,LORIS CALESTINI,16950000,SP,6743,3240099,"1529700,2539001,2599302,2829199"
39089883,1,,AVENIDA,DAS NACOES UNIDAS,10989,BROOKLIN PAULISTA,04578000,SP,7107,6462000,
40271447,1,EMAD,AVENIDA,CASA BRANCA,3208,VILA CONSTANCA (BOTUJURU),13238450,SP,6293,9491000,
40314395,1,,FAZENDA,MORRINHOS,SN,RURAL,18603970,SP,6249,0133499,
40432544,1,CLARO,RUA,HENRI DUNANT,780,SANTO AMARO,04709110,SP,7107,6120501,"3329599,4221904,4321500,4619200,4652400,4752100,5813100,6022502,6110801,6110803,6110899,6130200,6141800,6142600,6143400,6190602,6190699,6202300,6203100,6311900,6319400,6619302,6810202,7112000,7490104,7739099,7740300,8211300,8291100,9512600"
38890000,1,LIDAS,RUA,COSTA CARVALHO,541,PINHEIROS,05429130,SP,7107,9430800,"9493600,9499500"
38877817,1,'RIO BRANCO',RUA,ALMIRANTE SOARES DUTRA,255,MORUMBI,05654000,SP,7107,8630503,
40432544,2,CLARO S/A,RUA,WALTERIO DE OLIVEIRA VERDI,250,PARQUE INDUSTRIAL CAMPO VERDE,15076130,SP,7097,6120501,
38884607,1,,RUA,SAO PAULO ANTIGO,354,REAL PARK,05684010,SP,7107,8112500,
38876207,1,,RUA,BASSI,50,VL NIVI,02258010,SP,7107,4618499,"4618401,4618402,4618403"
39024641,1,CANINHA LINDOIA,RODOVIA,AMPARO SERRA NEGRA ( SP 360 ),KM 141,JARDIM CACHOEIRA,13902800,SP,6137,0161099,"6810202,6810201,7490104,6462000"
40432544,2,CLARO,RUA,DOMINGOS DE MORAIS,2564,VILA MARIANA,04036100,SP,7107,6120501,
38771143,1,,ALAMEDA,ITATINGA,881,JOAPIRANGA,13278480,SP,7225,2829199,"2599399,2840200,3314713"
38875381,1,,RUA,JOSE MEDEIROS E ALBUQUERQUE,355,TABOAO,09662030,SP,7075,4663000,"2825900,2829199,2869100,3312102,6463800,7112000,7739099,8599604"
38885778,1,,ALAMEDA,DOS JURUPIS,1005,INDIANOPOLIS,04088003,SP,7107,6201501,"6311900,6202300,6209100,8599603,6204000,6399200,8299799"
38888376,1,,RUA,MONS PASSALAQUA,175,BELA VISTA,01323010,SP,7107,8112500,
38893657,1,,RUA,MARANHAO,89,HIGIENOPOLIS,01240001,SP,7107,8112500,
38894390,1,,PRACA,FRANKLIN ROOSEVELT,168,CONSOLACAO,01303020,SP,7107,8112500,
39043203,1,,RUA,PRIMEIRO DE MAIO,620,PARQUE DA FIGUEIRA,13190000,SP,6737,4711302,"4691500,4722901,4724500,5611203"
37117322,2,COMUNIDADE SARA NOSSA TERRA,AVENIDA,CILLOS,1200,JARDIM SAO PAULO,13465972,SP,6131,9491000,
40432544,2,CLARO,AVENIDA,INTERLAGOS,2255,JARDIM UMUARAMA,04661903,SP,7107,6120501,4752100
39006077,1,FORTS INDUSTRIA E ASSESSORIA,RUA,PORTO VELHO,101,AGUA BRANCA,13425140,SP,6875,4612500,"8291100,7490104,8219999"
38800504,1,,ESTRADA,ANTIGO LEITO DA EFA,SN,JURUPEMA,15900000,SP,7175,4633801,4930202
38833539,1,EMPORIO BEL JARDIM,RUA,BENEDITO A MONTEIRO,13,BEL JARDIM,06243160,SP,6789,4712100,
38839288,1,,RUA,MARQUEZ DE ITU,306,VILA BUARQUE,01223000,SP,7107,4120400,4299501
38991675,1,ECONACOES POSTO DE SERVICOS,AVENIDA,DAS NACOES,2551,PARQUE CAPUAVA,09270260,SP,7057,4731800,"4732600,4729602,5310502"
38811972,1,,RUA,TRES RIOS,137,BOM RETIRO,01123001,SP,7107,1412601,1412603
38775748,1,,AVENIDA,GUIDO CALOI,1000,JARDIM SAO LUIS,05802140,SP,7107,4921302,
40432544,2,CLARO S/A,RUA,JOSE ESCODRO,391,VILA VITORIA II,13339190,SP,6511,6120501,"4221904,4321500,4752100,6110801,6110803,6110899,6190602,6190699,6202300,6203100,6311900,7112000,7490104,7740300,8211300,8291100,9512600"
40432544,2,CLARO S/A,RUA,LAFAIETE SPINOLA DE CASTRO,1922,BOA VISTA,15025510,SP,7097,6120501,"6110803,6110801,6190602,6110899,6141800,6142600,6143400,8211300,6202300,6203100,7490104,7740300,6190699,8291100,4619200,6311900,7739099,4321500,4221904,9512600,7112000"
40432544,2,CLARO S/A,RUA,TURIASSU,2100,PERDIZES,05005000,SP,7107,6120501,
40432544,2,CLARO,RUA,JOAO CACHOEIRA,483,VILA NOVA CONCEICAO,04535011,SP,7107,6120501,
40432544,2,CLARO S/A,RODOVIA,RAPOSO TAVARES,"KM20,5",JARDIM ARPOADOR,05577300,SP,7107,6120501,
40432544,2,CLARO,RUA,OLIMPIADAS,360,VILA OLIMPIA,04551000,SP,7107,6120501,4752100
38883732,2,CCA HELIOPOLIS,RUA,CORONEL SILVA CASTRO,58,HELIOPOLIS,04231015,SP,7107,9499500,
38883732,2,CCA MINA,RUA,DA MINA,38,HELIOPOLIS,04235275,SP,7107,9499500,
40432544,2,CLARO S/A,RUA,MAJOR JOSE INACIO,2500,CENTRO,13560161,SP,7079,6120501,"4221904,4321500,4752100,6110801,6110803,6110899,6190602,6190699,6202300,6203100,6311900,7112000,7490104,7739099,7740300,8211300,8291100"
40432544,2,CLARO S/A,RUA,PERNAMBUCO,430,CENTRO,09521140,SP,7077,6120501,"6110803,6110801,6141800,4652400,7112000,4752100"
40432544,2,CLARO S/A,RODOVIA,PRESIDENTE DUTRA,KM 230,PORTO DA IGREJA,07034911,SP,6477,6120501,4752100
39032453,2,,RUA,25 DE MARCO,960,CENTRO,01021200,SP,7107,6810202,6463800
40432544,2,CLARO S/A,AVENIDA,DOUTOR ERMELINDO MAFFEI,1199,SAO LUIZ,13304305,SP,6579,6120501,"4221904,4321500,4752100,6110801,6110803,6110899,6190602,6190699,6202300,6203100,6311900,7112000,7490104,7739099,7740300,8211300,8291100,9512600"
38764262,2,RIBERMAN PLASTICOS INDUSTRIAIS LTDA,RUA,ITALIA,1525,VILA ELISA,14075460,SP,6969,2869100,"0161003,2229302,2539001,2539002,2599302,2833000,2852600,3314705,3314711,3314713,3314722,3314799,4663000"
40432544,2,CLARO,AVENIDA,GUILHERME CAMPOS,500,JARDIM SANTA GENEBRA,13087901,SP,6291,6120501,4752100
38955662,2,COBRASIN,RUA,MANUEL DE OLIVEIRA PESSOA JR,25 A,IMIRIM,02471220,SP,7107,5211701,
40432544,2,CLARO S/A,RUA,DOZE DE OUTUBRO,476,LAPA,05073000,SP,7107,6120501,4752100
38729463,2,,RUA,CARLOS GOMES,1402,CENTRO,13480013,SP,6639,8599604,"7312200,8550302,8532500"
38729463,2,,AVENIDA,DE CILLO,1070,CIDADE JARDIM I,13466550,SP,6131,8599604,"7312200,8550302,8532500"
40432544,2,CLARO S/A,RUA,FREI GASPAR,365,CENTRO,11310060,SP,7121,6120501,"4221904,4321500,4619200,4752100,6110801,6110803,6110899,6141800,6142600,6143400,6190602,6190699,6202300,6203100,6311900,7112000,7490104,7739099,7740300,8211300,8291100,9512600"
40432544,2,CLARO S/A,RUA,MARANHAO,1068,VILA CRISTOVAM,13480615,SP,6639,6120501,"4221904,4321500,6110801,6110803,6110899,6190602,6190699,6202300,6203100,6311900,7112000,7490104,7739099,7740300,8211300,8291100,9512600"
40432544,2,CLARO,RUA,VERBO DIVINO,1356,CHACARA SANTO ANTONIO (ZONA SUL),04719903,SP,7107,6120501,"4221904,4321500,6110801,6110803,6110899,6190602,6190699,6202300,6203100,6311900,7112000,7490104,7739099,7740300,8211300,8291100,9512600"
40432544,2,CLARO,AVENIDA,MORUMBI,8660,SANTO AMARO,04703002,SP,7107,6120501,"4221904,4321500,4652400,4752100,6110801,6110803,6110899,6190602,6190699,6202300,6203100,6311900,7112000,7490104,7739099,7740300,8291100,9512600"
40432544,2,CLARO,RUA,HUMBERTO I,941,VILA MARIANA,04018033,SP,7107,6120501,"4221904,4321500,6110801,6110803,6110899,6190602,6190699,6202300,6203100,6311900,7112000,7490104,7739099,7740300,8211300,8291100,9512600"
38875365,2,,AVENIDA,PRESIDENTE JUSCELINO,1256,PIRAPORINHA,09950370,SP,6377,1094500,"1091101,1095300,4637105,4639701,8211300"
39469291,2,AGCS FILIAL SP,AVENIDA,IVO MARIO ISAAC PIRES,2000,RECANTO DOS PASSAROS,06730000,SP,7273,7112000,"7732201,4110700,6821801,4619200,6810202"
39043203,2,,RUA,JOSE BUENO OLIVEIRA,113,CENTRO,13190000,SP,6737,4711302,"5611203,4691500"
